Suhu,Vibrasi,Tekanan,Usia_Mesin,Jam_Operasi,Beban,Risk_Score
72.45,2.49,3.95,6.73,73.3,93.0,47.35
62.93,3.28,5.44,4.22,43.5,38.5,38.73
74.72,2.31,5.53,6.26,39.2,78.2,37.38
87.85,3.04,6.35,3.58,76.4,81.6,43.86
61.49,0.66,3.04,18.04,67.9,28.8,34.14
61.49,3.82,6.57,7.94,63.4,86.0,43.59
88.69,3.5,0.63,4.91,43.1,87.5,44.9
76.51,2.27,4.37,8.97,72.2,63.8,37.08
57.96,4.49,4.62,6.41,44.9,95.0,57.19
73.14,4.91,6.64,14.89,58.0,92.7,67.47
58.05,1.09,5.54,19.42,88.9,72.1,49.18
58.01,2.36,2.97,8.76,46.8,61.0,38.68
68.63,2.35,3.73,17.22,28.5,50.5,33.46
36.3,2.09,5.86,11.32,38.9,69.2,48.61
39.13,4.74,5.36,3.14,79.9,81.4,39.4
56.57,3.21,4.46,13.81,65.1,63.5,44.57
49.81,3.1,4.63,10.27,57.4,26.0,24.95
69.71,0.49,6.75,13.01,49.8,95.4,47.45
51.38,4.45,4.57,17.79,69.7,73.8,48.12
43.82,1.64,5.34,8.81,43.0,62.4,32.86
86.98,3.59,9.41,18.02,66.1,87.1,63.76
61.61,3.92,2.94,15.01,45.4,100.0,45.66
66.01,5.54,2.17,9.77,42.0,14.0,33.93
43.63,1.54,6.91,12.06,47.3,78.7,40.81
56.83,0.1,4.28,6.51,52.5,41.5,18.13
66.66,3.78,4.93,19.67,59.0,80.0,52.88
47.74,6.2,4.09,13.35,64.7,72.6,56.3
70.64,5.36,5.03,0.88,5.0,82.7,53.46
55.99,3.81,8.38,6.53,43.8,60.0,44.76
60.62,2.76,6.94,12.47,52.2,32.5,35.88
55.97,4.71,7.05,1.13,90.1,61.0,41.54
92.78,2.04,2.95,0.48,38.4,78.1,35.84
64.8,4.21,3.43,9.0,63.3,90.3,46.36
49.13,4.26,0.5,6.65,89.9,46.6,40.2
77.34,5.09,4.04,8.77,33.7,90.5,52.22
46.69,7.64,7.22,5.25,67.9,57.0,56.11
68.13,4.09,6.43,3.29,44.0,77.2,41.45
35.6,2.74,5.1,13.78,49.9,59.8,45.44
45.08,3.46,5.46,10.29,43.9,73.6,40.45
67.95,0.85,4.26,4.0,45.4,87.8,28.16
76.08,2.46,5.87,6.39,114.4,45.5,55.19
67.57,2.89,6.88,11.84,76.9,56.4,38.56
63.27,2.71,2.59,1.44,82.0,73.7,31.18
60.48,3.73,6.04,2.95,69.8,100.0,42.43
42.82,2.27,7.18,1.46,27.9,52.7,39.23
54.2,5.18,4.75,16.25,67.9,100.0,67.97
58.09,3.5,6.76,15.05,81.5,100.0,64.8
80.86,3.49,10.57,15.07,42.9,68.1,56.55
70.15,3.01,5.31,14.33,79.3,64.0,62.49
38.55,3.73,6.21,13.39,74.1,56.2,46.94
69.86,4.74,4.17,9.54,97.0,68.6,57.16
59.22,2.2,5.83,12.85,51.6,41.9,39.74
54.85,2.51,6.33,0.77,38.0,68.5,31.05
74.18,3.04,5.85,12.43,52.8,99.9,51.78
80.46,1.48,3.66,15.56,88.7,57.8,46.24
78.97,2.27,5.87,10.01,23.4,65.2,44.58
52.41,2.79,8.13,7.15,18.6,36.0,34.59
60.36,4.81,6.31,5.55,61.8,77.5,47.11
69.97,3.89,7.23,12.86,51.1,75.3,60.38
79.63,3.79,5.07,13.86,60.2,71.3,38.51
57.81,4.78,6.85,17.42,78.9,65.7,60.48
62.22,3.29,6.0,6.85,48.9,64.1,44.2
48.4,4.09,3.79,15.4,22.5,80.0,50.87
47.06,3.35,6.07,11.23,100.9,69.4,47.58
77.19,3.9,3.71,17.66,40.1,76.3,54.67
85.34,2.63,4.36,10.56,38.8,74.3,50.68
63.92,0.1,5.84,10.35,82.1,92.5,49.36
80.05,3.3,6.04,11.56,52.3,83.5,50.61
70.42,5.63,3.36,14.99,58.7,73.9,57.3
55.32,4.89,7.4,19.29,69.7,100.0,72.75
70.42,4.95,6.53,1.47,81.7,78.4,37.9
88.07,5.35,4.23,1.07,53.3,96.1,47.2
64.46,3.63,2.73,18.75,90.4,82.1,63.06
88.47,3.8,5.24,10.6,17.3,33.2,48.28
25.7,2.57,4.7,12.3,75.2,96.1,45.69
77.33,3.03,5.7,9.65,43.2,72.7,43.76
66.31,4.42,4.85,1.87,87.4,69.0,39.15
60.51,5.31,1.89,15.36,62.8,75.6,49.18
66.38,3.29,4.8,14.94,46.5,63.1,54.66
35.19,2.82,4.95,6.23,73.3,74.5,33.44
61.7,3.5,6.64,6.12,77.9,58.2,43.75
70.36,4.4,4.24,16.76,72.8,95.5,55.8
87.17,1.33,8.52,1.45,39.4,67.7,42.42
57.23,0.1,2.06,17.62,50.3,62.3,32.17
52.87,2.67,7.86,5.13,59.9,51.5,36.33
57.47,1.67,5.1,11.86,59.2,75.4,32.5
78.73,2.74,7.05,18.72,75.0,73.7,50.51
69.93,3.28,5.64,13.56,19.7,77.8,46.97
57.05,2.82,7.55,8.29,66.7,49.5,34.26
72.7,5.68,4.8,13.79,54.2,38.0,61.95
66.46,3.99,3.52,6.88,43.2,82.5,32.51
79.53,3.95,8.06,5.55,45.2,99.7,48.67
54.47,4.43,5.3,19.93,55.7,49.5,51.99
60.09,1.79,5.9,15.02,5.0,100.0,42.06
59.12,5.06,7.72,12.89,46.0,75.7,48.7
43.05,3.39,3.64,7.11,42.5,69.9,30.16
69.44,4.51,6.57,0.98,70.7,62.0,38.09
68.92,1.89,4.44,0.62,43.9,42.3,25.13
65.08,1.17,5.26,11.08,55.7,89.8,52.03
61.48,4.73,5.63,15.24,90.8,54.5,55.0
43.77,4.06,2.8,10.75,79.9,54.4,46.71
58.69,2.15,4.1,16.82,78.0,89.8,52.45
59.86,2.2,7.93,0.67,50.0,32.3,34.5
52.97,5.19,7.1,7.34,70.9,39.5,30.74
62.58,1.72,5.39,4.74,55.3,69.6,33.26
71.06,5.96,5.94,8.95,56.1,75.9,61.33
93.29,2.15,4.97,1.45,68.2,79.7,39.8
67.62,4.46,7.94,19.08,48.1,64.0,67.27
68.86,3.01,5.14,4.47,89.9,100.0,54.86
63.88,4.4,5.92,18.45,56.8,65.4,53.26
36.22,2.68,7.56,8.52,72.4,65.4,37.53
64.6,3.26,4.1,19.71,89.1,54.1,47.72
65.9,3.56,8.31,11.08,80.6,72.5,50.03
101.95,2.0,2.75,18.62,31.8,82.3,47.95
62.11,4.61,8.43,0.11,68.9,94.1,50.02
69.52,2.73,4.83,14.96,77.0,40.2,38.3
64.48,3.16,5.06,18.06,77.8,65.1,55.68
47.47,2.01,2.1,2.79,37.7,78.9,29.86
82.14,0.1,4.68,1.92,46.9,81.7,23.61
76.28,3.21,3.63,8.49,79.9,70.1,53.82
76.87,7.12,4.41,18.67,44.8,80.8,68.68
51.36,4.68,5.25,10.85,54.0,53.8,48.07
86.04,3.47,7.22,10.55,91.5,100.0,57.22
43.97,3.11,5.87,2.82,59.0,89.9,40.85
73.8,3.53,6.05,0.02,45.5,43.1,39.87
97.86,4.32,3.53,16.2,42.4,48.5,54.21
50.14,1.73,3.91,1.75,66.7,49.1,36.02
56.51,5.17,8.74,12.68,33.3,83.6,55.21
66.49,4.57,4.18,18.29,55.1,44.3,56.79
57.45,4.58,8.48,4.17,66.7,63.4,47.2
41.74,4.16,5.06,13.31,86.0,79.1,52.99
66.03,3.53,5.5,1.57,73.4,68.7,31.53
49.07,4.51,7.43,12.08,45.7,75.2,51.34
72.1,4.39,7.79,3.28,83.6,48.7,42.41
51.21,2.97,5.3,14.72,54.0,81.9,42.69
88.25,2.64,4.8,6.02,35.3,57.7,48.86
53.25,3.65,5.4,9.27,56.6,63.5,40.99
60.17,5.82,6.11,11.99,88.8,74.8,53.1
77.2,1.64,7.1,3.43,63.3,72.1,38.01
46.54,1.3,5.51,14.83,60.3,70.5,33.84
68.41,3.75,6.61,6.05,92.7,55.0,53.47
84.61,3.58,8.45,13.25,31.4,64.0,49.98
40.89,3.76,6.19,3.17,34.3,70.0,37.08
67.77,3.87,6.06,13.76,27.7,42.5,51.19
68.9,3.17,2.77,2.56,67.5,60.7,32.74
76.73,5.73,0.76,8.51,63.3,77.8,52.46
46.45,1.1,6.2,4.94,90.9,44.5,25.66
45.19,2.26,5.33,14.97,64.9,93.1,58.98
72.83,3.35,4.57,5.24,51.9,95.4,49.55
69.45,1.04,5.94,17.63,60.0,45.1,42.29
68.76,3.24,5.39,17.84,62.4,97.2,53.4
70.2,5.99,7.53,3.93,26.6,67.1,47.25
54.8,3.53,5.65,12.28,114.2,78.4,51.29
68.48,3.85,4.16,1.75,70.4,60.1,48.09
69.4,1.61,7.28,7.83,64.2,88.5,38.54
54.28,2.58,5.11,14.27,72.3,78.1,47.61
92.99,2.94,6.45,13.19,74.2,53.7,53.89
72.11,3.02,4.64,12.49,57.2,46.7,42.99
47.13,5.42,4.33,5.65,47.4,40.8,36.85
74.85,4.34,5.65,7.56,72.0,73.8,49.87
50.38,1.83,5.52,2.06,67.7,81.4,37.9
76.81,3.87,6.36,14.38,43.8,83.0,58.11
82.38,4.25,5.02,10.08,88.4,67.6,56.29
52.69,5.21,2.19,14.18,65.9,46.9,30.46
79.45,5.87,4.72,4.98,74.6,56.4,51.84
71.19,1.98,6.93,6.49,87.8,93.0,39.31
77.33,2.28,4.96,6.68,60.4,60.3,43.31
93.45,1.61,5.06,0.51,66.3,72.9,46.52
61.32,3.15,7.28,6.82,76.2,48.5,37.24
53.69,4.2,4.22,16.07,45.5,76.7,48.05
51.66,4.98,2.72,17.95,61.1,60.8,47.4
52.76,3.39,5.21,10.36,62.5,90.9,52.81
63.84,3.02,4.63,9.11,40.9,85.5,43.38
70.12,3.73,3.76,0.62,106.4,60.1,49.07
69.15,2.25,5.18,17.58,31.9,67.5,48.48
77.41,6.63,6.38,0.26,34.0,59.0,47.45
65.2,1.09,5.48,18.9,86.3,41.6,45.53
86.8,3.78,6.05,9.78,74.3,52.9,55.32
61.03,6.54,8.76,6.84,39.5,74.0,45.24
105.8,3.51,4.88,18.48,72.1,76.5,65.8
74.39,3.21,6.0,0.49,89.4,73.0,42.3
52.14,2.96,4.58,11.63,59.4,64.0,44.91
48.94,3.23,3.98,10.98,112.0,88.7,48.21
72.24,5.56,4.45,4.39,25.5,71.3,39.01
61.65,0.18,4.64,8.58,73.9,84.1,36.6
75.71,5.8,6.15,13.05,83.3,34.5,50.4
72.1,1.36,9.73,14.54,77.8,5.0,32.73
63.91,3.1,4.21,0.01,55.9,75.7,38.14
52.3,2.86,4.75,18.74,54.2,41.5,46.59
42.28,4.38,5.39,3.29,68.9,65.8,40.83
58.3,1.1,6.21,4.67,76.3,64.0,40.77
77.85,4.19,5.97,5.27,72.0,100.0,49.66
68.21,6.54,7.81,0.76,80.8,78.0,46.4
46.31,1.46,1.13,2.46,39.6,73.3,22.4
67.6,3.78,1.2,19.73,55.4,86.7,51.35
70.78,2.51,4.61,6.3,41.2,77.4,34.91
51.74,4.14,7.48,2.31,52.3,60.8,38.23
67.31,3.53,2.68,2.14,80.3,91.4,38.33
65.87,2.54,0.5,14.39,62.2,47.8,28.98
47.86,4.23,6.53,17.09,112.1,76.5,56.51
70.37,6.21,5.94,5.14,63.9,39.0,41.51
73.41,3.21,3.54,0.42,61.2,74.1,37.91
81.25,4.58,3.73,4.46,62.1,73.9,43.34
80.81,1.56,3.75,1.13,47.2,100.0,42.48
44.33,2.07,5.7,2.07,58.8,38.7,34.12
50.93,4.21,4.37,8.63,82.6,58.0,46.66
72.73,5.73,6.39,4.6,62.3,86.5,45.53
72.71,4.03,0.5,10.32,44.1,76.7,50.54
72.73,3.03,3.96,5.07,41.5,73.6,46.58
120.0,3.5,3.47,18.81,51.0,50.9,62.42
73.56,1.62,5.04,18.12,61.5,58.2,54.01
82.03,4.41,4.53,11.34,83.9,94.9,56.02
79.31,4.82,6.94,7.09,33.2,69.0,40.14
74.77,2.82,2.15,7.62,53.6,77.5,36.67
60.27,2.79,5.58,8.24,62.9,67.7,50.04
76.38,3.9,6.51,14.55,23.3,46.3,40.37
53.41,2.84,8.84,9.03,43.3,88.7,46.03
61.45,3.4,4.63,17.13,46.4,80.1,50.7
57.72,6.65,6.08,18.88,44.1,100.0,63.04
66.23,3.13,2.25,6.72,63.8,49.7,33.44
99.72,2.96,1.19,11.21,56.8,86.5,51.34
36.99,2.53,7.02,1.9,48.9,43.8,24.69
75.29,4.62,5.49,4.01,68.6,73.1,40.46
40.81,3.23,7.62,8.27,94.5,89.5,49.15
57.92,2.53,3.03,4.12,92.8,28.6,35.84
81.33,5.48,6.44,17.53,21.5,65.9,63.46
65.96,5.63,8.86,3.17,71.5,58.7,45.92
48.83,2.6,6.26,9.11,56.4,56.0,31.58
54.27,0.7,6.0,12.11,63.1,77.7,38.03
75.19,5.01,5.52,13.84,52.0,92.4,66.68
54.04,2.47,2.67,7.66,62.4,67.3,38.33
68.25,4.69,7.94,17.38,63.0,74.1,64.29
65.68,0.54,4.4,11.37,48.4,72.3,40.85
55.23,4.84,6.41,8.79,42.1,70.0,48.4
97.16,1.68,2.69,1.34,51.0,48.2,33.63
74.51,4.6,3.38,9.29,64.7,92.2,55.32
34.62,3.52,8.08,16.41,72.0,75.9,48.86
67.8,2.07,4.87,12.29,77.1,77.9,39.46
55.07,2.89,8.12,16.64,50.1,53.9,51.53
77.79,4.53,5.36,9.88,65.7,60.8,57.06
53.11,3.66,2.18,2.37,79.3,66.5,29.11
63.28,4.38,7.11,0.27,83.3,39.3,43.31
72.57,6.46,4.44,6.06,58.8,36.2,54.97
77.99,1.15,6.76,13.96,55.6,58.0,44.7
47.0,5.93,5.55,15.81,63.8,80.5,52.98
59.98,3.66,2.72,5.92,37.0,56.9,34.81
57.88,2.15,5.8,9.91,56.1,49.6,34.62
55.2,1.5,9.45,8.42,74.9,53.7,37.36
91.48,3.22,6.39,8.21,72.8,60.9,52.97
71.07,4.88,5.4,4.63,54.6,62.9,36.9
46.09,3.31,7.44,2.73,64.4,100.0,35.33
78.77,5.77,5.88,3.93,43.5,91.1,52.51
96.83,1.32,5.88,1.11,74.1,90.5,44.01
80.49,3.48,3.54,3.96,58.4,93.4,46.74
42.21,1.62,5.92,0.18,54.5,50.0,33.62
57.74,4.05,7.36,12.55,52.8,45.6,46.85
84.0,4.83,4.0,6.33,58.7,47.9,48.8
54.38,2.87,8.06,19.46,51.0,96.7,51.84
71.66,0.1,5.33,3.87,73.2,59.1,35.07
76.62,3.8,3.9,6.92,52.1,45.0,37.63
51.1,4.16,7.3,7.16,91.9,61.4,47.11
64.11,4.11,4.98,0.17,89.3,65.2,39.86
20.0,5.35,6.87,16.78,42.2,75.4,56.09
49.63,1.89,4.97,0.64,61.4,75.0,23.5
61.21,4.52,5.39,18.8,47.0,53.4,40.9
46.28,5.29,6.39,17.84,53.5,83.7,56.27
89.49,0.83,6.02,10.71,100.0,57.2,49.46
43.55,3.98,1.91,10.87,53.8,66.9,39.57
58.4,2.74,3.48,13.08,67.2,83.7,51.7
66.96,3.38,7.17,7.74,70.8,57.2,47.39
86.62,4.02,5.26,12.94,40.0,58.6,48.43
43.46,2.77,4.56,0.9,42.9,81.8,18.89
82.45,2.49,3.05,1.08,35.9,52.8,29.82
65.15,3.55,3.56,9.14,42.3,62.3,45.32
50.28,1.87,1.86,10.99,5.0,81.1,28.99
71.93,1.87,5.32,17.76,70.9,100.0,55.14
67.99,4.52,4.42,2.09,101.1,82.1,49.34
56.0,1.78,3.76,16.45,63.0,79.5,39.4
66.05,4.5,5.38,4.2,31.7,80.6,45.75
59.22,4.19,6.16,7.88,47.1,48.5,49.49
66.7,0.91,9.27,6.33,50.8,72.3,38.4
74.93,2.48,2.78,8.0,39.6,69.4,32.33
88.79,5.29,7.59,3.01,77.2,76.4,55.53
46.43,2.03,7.25,10.07,76.2,72.3,31.07
97.0,2.8,4.1,16.03,36.9,77.6,55.94
35.72,4.19,5.87,8.83,74.5,63.8,44.98
62.72,4.68,4.68,9.81,90.5,71.2,59.53
73.82,3.12,5.83,16.98,98.1,45.4,52.65
69.21,2.6,8.22,14.12,117.3,63.6,58.02
55.66,5.63,6.59,9.81,42.0,97.8,49.75
61.88,6.11,6.42,5.15,116.5,76.4,54.76
57.6,4.97,4.73,17.7,52.9,69.6,46.53
56.16,3.63,2.83,11.54,48.2,100.0,45.15
77.74,2.29,5.12,4.42,66.5,42.8,34.8
70.36,2.25,7.67,5.38,48.4,47.8,38.9
54.61,4.28,2.75,16.06,68.0,100.0,50.64
78.49,4.13,3.6,0.88,33.6,70.9,38.35
69.61,5.6,5.73,19.84,55.2,65.1,59.58
77.19,4.48,3.73,2.61,85.7,46.0,40.2
74.44,1.25,4.07,15.92,58.9,79.0,46.58
52.57,5.08,4.74,7.9,62.8,80.9,47.61
56.6,2.0,3.04,9.84,69.5,48.1,38.22
76.21,2.92,3.75,17.61,83.4,67.2,52.84
74.16,3.88,6.77,8.26,26.9,63.3,43.04
64.69,6.49,3.15,10.75,71.7,75.1,53.82
66.76,8.16,2.62,0.99,54.6,47.6,41.36
84.16,4.41,4.37,0.05,63.3,95.0,45.12
56.13,3.23,6.82,4.9,81.2,88.3,55.43
73.21,4.3,5.15,13.61,36.1,62.7,45.0
61.97,4.83,4.66,2.43,39.7,65.7,37.5
61.73,3.02,5.58,2.28,21.3,67.3,30.83
81.48,6.19,2.36,8.22,49.0,54.4,47.79
77.38,3.85,6.39,12.96,86.6,61.1,53.22
77.2,4.25,6.19,14.24,57.6,64.6,55.97
84.58,4.5,4.76,3.57,33.2,100.0,40.11
65.32,4.13,7.31,1.59,50.3,88.9,49.65
75.23,4.76,3.47,18.81,30.2,88.7,60.54
60.35,2.57,7.53,5.21,37.5,77.4,33.07
69.86,2.66,5.78,17.07,67.8,47.7,37.33
63.05,1.85,4.89,17.27,36.5,69.2,39.13
66.45,4.16,5.46,15.45,82.3,89.4,57.1
73.93,4.67,5.31,3.38,58.6,44.8,54.28
52.73,4.19,7.7,16.44,61.7,82.7,58.88
96.39,6.01,3.56,15.39,54.4,100.0,58.56
49.91,3.49,4.13,11.93,75.5,91.2,44.44
46.79,4.5,7.37,6.74,75.7,98.3,50.39
82.37,1.86,4.43,5.25,66.7,74.4,42.09
76.87,2.92,7.12,2.44,71.3,89.4,39.52
74.36,4.54,8.56,10.2,55.8,55.6,51.8
74.43,4.77,4.78,11.71,70.8,85.9,52.46
64.82,3.06,6.73,7.19,53.2,83.1,39.37
51.54,3.39,3.42,9.51,60.0,75.8,42.29
66.14,1.22,6.86,7.27,54.5,96.3,45.88
54.84,2.96,5.86,12.82,50.9,59.2,47.03
79.63,4.84,6.35,18.03,46.2,66.3,62.49
62.79,4.36,4.34,3.28,69.4,71.9,39.45
52.62,4.25,2.51,7.63,86.2,49.4,43.21
60.18,3.57,6.41,2.82,83.4,74.5,44.45
71.19,3.51,1.79,12.5,34.9,35.6,38.19
56.54,2.51,4.93,14.58,85.8,90.9,47.44
52.67,4.55,7.19,18.64,53.6,70.9,53.56
68.66,4.13,5.85,5.58,72.0,59.6,45.14
68.67,4.24,9.01,19.0,41.9,53.3,69.22
57.4,2.71,7.35,1.27,62.8,65.3,37.56
57.93,0.27,4.32,12.06,66.3,83.8,34.98
68.48,5.15,5.55,1.14,30.3,81.0,38.3
43.28,2.78,5.41,17.88,72.2,55.9,43.41
43.89,2.21,2.65,10.6,86.9,53.1,46.31
54.22,4.54,3.81,13.39,56.5,83.1,47.64
61.8,2.91,4.49,16.63,87.2,55.6,53.44
69.66,5.09,1.83,3.01,56.2,71.2,39.02
87.13,4.43,5.59,0.77,77.0,72.5,49.11
77.86,4.53,5.05,17.58,15.6,76.2,58.71
62.6,1.45,2.49,6.3,108.4,87.2,36.99
64.71,5.32,6.23,2.58,89.9,44.7,41.61
49.96,3.89,6.79,9.37,54.3,31.8,47.24
64.72,2.95,5.91,11.97,20.6,58.7,45.84
60.67,3.72,4.92,0.62,65.8,100.0,45.67
69.84,0.84,6.56,5.5,31.1,100.0,41.85
52.59,4.11,6.72,0.66,68.9,100.0,46.16
72.79,1.96,6.05,8.41,68.2,66.1,52.65
87.99,1.47,4.02,17.9,41.2,34.4,43.62
63.37,1.22,6.0,19.65,82.4,23.1,46.22
71.03,5.17,7.65,12.74,76.1,57.7,49.9
75.35,2.56,4.43,3.23,79.5,66.0,35.33
58.98,5.8,9.28,18.12,60.2,96.0,61.45
68.36,2.7,4.55,10.32,31.7,87.4,49.63
65.19,0.94,5.56,3.07,79.6,74.5,22.09
66.47,1.83,4.29,18.43,54.6,52.2,42.23
53.4,5.35,5.9,15.15,32.2,50.8,33.77
65.37,3.27,2.36,14.63,87.0,75.1,45.12
72.47,2.68,4.52,14.18,102.0,83.9,51.6
86.77,3.74,3.53,4.01,59.2,77.8,52.05
79.39,4.25,5.74,4.22,103.2,49.3,49.8
97.3,5.18,7.29,13.77,61.8,83.0,62.39
53.49,5.67,6.66,4.39,52.4,78.5,52.46
78.08,2.96,1.23,8.77,47.4,48.6,36.71
67.75,1.51,9.18,15.64,92.7,54.3,51.24
97.85,2.88,6.03,15.68,44.4,83.8,52.38
52.88,3.89,4.1,9.07,74.7,65.3,38.1
52.4,2.05,5.78,15.84,48.8,100.0,44.06
56.01,2.06,5.82,16.77,50.8,80.0,47.2
33.14,4.02,4.3,13.1,80.6,60.3,44.23
57.11,3.43,5.86,4.57,52.4,69.8,46.68
53.61,3.55,4.41,5.48,51.9,71.3,39.84
67.26,2.36,4.77,6.3,82.7,55.4,25.43
70.13,3.15,4.26,2.34,91.9,51.7,39.48
93.14,2.11,2.92,5.46,72.9,84.0,37.53
79.26,4.84,5.76,4.19,46.9,86.9,44.71
56.35,5.05,6.55,9.11,49.8,82.1,46.13
51.52,0.73,6.43,18.17,61.6,100.0,44.88
72.38,2.11,6.98,2.09,66.4,59.2,30.24
45.2,1.26,6.08,14.41,40.2,100.0,43.73
92.47,2.52,4.54,13.75,74.5,52.0,43.53
82.69,3.37,7.01,1.92,61.7,49.7,43.13
57.96,1.33,3.06,18.45,25.7,34.8,45.22
39.3,2.12,3.88,11.37,41.4,61.1,26.59
85.31,1.99,3.76,7.27,49.9,59.9,37.71
63.28,3.81,7.44,15.13,58.5,80.5,42.37
83.57,3.6,7.2,5.15,97.8,74.9,51.26
41.08,2.42,6.38,13.87,64.8,46.1,42.97
56.01,3.77,7.43,0.79,43.2,62.1,39.79
65.08,2.68,3.92,16.79,64.4,62.6,47.51
65.7,3.09,6.13,8.96,53.0,34.5,43.19
58.25,6.01,5.27,12.73,66.5,50.4,64.81
74.34,5.51,7.02,4.42,71.6,54.6,58.33
48.99,1.55,5.29,13.54,84.2,98.7,44.12
62.86,4.74,4.81,15.44,59.5,73.8,46.65
66.8,4.72,6.47,9.46,92.8,83.2,53.98
72.72,1.78,7.08,12.35,78.2,40.0,39.13
75.67,4.73,4.3,9.13,45.9,93.9,54.26
48.13,5.81,5.39,17.88,104.2,96.0,59.07
41.99,1.82,3.59,9.96,66.5,30.0,28.64
84.17,2.12,1.0,16.84,43.3,55.9,47.45
69.98,5.03,5.86,16.03,93.1,79.9,61.82
53.77,3.91,6.6,8.21,101.6,82.9,46.08
88.27,4.33,5.97,4.6,59.3,56.4,53.41
66.74,4.01,1.99,8.12,49.9,63.9,30.7
82.69,4.09,4.87,16.52,56.6,58.1,53.15
66.01,1.51,1.51,4.55,74.3,72.2,32.13
95.91,5.07,7.97,10.49,85.6,93.9,67.81
91.33,5.25,3.55,16.12,71.4,54.6,60.4
61.27,3.16,7.76,7.07,62.0,90.0,50.55
79.57,3.43,7.2,12.84,90.0,54.4,54.18
74.68,1.2,3.88,4.91,53.7,53.0,29.73
85.53,4.27,3.46,2.19,80.6,86.4,46.07
50.53,4.36,6.13,15.89,54.2,88.4,50.96
75.29,3.41,3.98,1.98,68.6,87.0,46.32
80.88,5.19,5.68,5.43,57.7,43.7,43.37
38.62,3.0,4.63,17.1,58.9,60.7,47.75
47.25,4.35,2.29,6.93,52.5,86.5,40.35
34.41,1.97,1.49,19.46,86.9,70.8,39.85
60.96,3.46,5.91,19.59,45.3,48.5,52.62
75.76,3.24,4.49,5.37,45.2,79.2,38.49
87.54,3.84,4.5,0.82,102.4,55.7,48.11
66.11,2.95,6.75,14.1,79.6,100.0,57.31
89.43,3.3,7.61,9.02,12.3,100.0,49.56
44.3,4.74,5.01,2.02,48.7,82.1,41.37
39.45,2.84,4.89,14.15,23.8,97.2,45.54
64.17,1.09,6.4,0.62,41.0,71.3,35.34
70.76,6.12,3.06,17.4,5.0,85.3,60.5
64.51,5.57,5.9,2.77,57.3,99.6,52.73
33.99,1.56,6.49,2.55,37.2,74.9,21.96
63.66,4.53,6.72,3.51,61.2,64.9,56.08
45.43,2.75,2.01,19.21,27.5,35.9,28.75
75.05,3.9,4.13,13.86,61.7,68.3,55.92
70.5,3.94,3.92,16.03,51.7,86.5,55.86
50.9,3.15,5.68,7.95,90.0,88.9,40.55
57.29,2.32,6.37,6.73,88.2,80.1,42.75
49.11,2.46,8.19,4.69,75.7,59.2,37.84
64.06,2.13,4.61,9.61,53.5,30.5,40.23
79.33,2.25,4.6,11.04,99.7,60.1,44.27
50.21,3.4,7.57,12.64,28.9,63.9,42.36
72.56,2.43,6.03,5.14,31.9,63.7,25.29
57.05,4.52,7.78,18.97,58.3,82.4,68.66
53.11,5.73,6.02,3.4,105.1,100.0,48.7
63.39,2.63,3.42,19.31,56.0,72.5,50.56
49.47,3.86,3.1,0.3,56.3,65.7,30.95
56.7,4.25,2.71,9.62,31.2,64.8,38.76
47.03,4.21,6.69,6.67,78.9,72.5,49.44
94.47,3.61,7.64,8.98,79.1,53.4,62.85
65.53,4.61,8.83,11.41,75.8,72.4,57.94
54.5,4.22,7.02,8.71,47.4,79.0,50.13
68.21,1.64,7.59,8.3,45.9,74.2,42.98
63.32,4.8,4.46,14.65,34.1,79.2,56.4
61.69,4.83,3.42,13.72,61.7,78.7,49.34
74.21,2.36,7.03,16.67,38.4,34.6,50.35
76.36,3.56,6.25,5.0,36.5,82.7,50.22
57.04,4.52,5.69,12.19,51.5,56.6,52.25
56.36,3.19,6.2,11.7,50.2,48.1,38.15
60.87,5.11,6.08,7.39,49.2,47.9,43.13
30.47,7.05,7.81,9.72,69.3,78.7,56.56
42.27,2.32,7.83,6.28,61.6,65.5,30.31
85.5,1.43,6.48,2.84,54.2,36.4,41.62
89.67,3.96,7.02,4.28,63.7,79.6,51.6
61.26,4.58,6.43,2.11,40.2,41.2,37.63
73.65,3.15,4.67,13.66,62.1,72.8,46.92
69.67,5.68,6.86,13.21,63.0,74.8,52.48
111.18,1.49,2.99,19.01,29.9,87.7,53.56
81.79,4.54,7.4,14.59,79.9,100.0,66.95
63.08,2.59,3.35,1.04,42.4,42.7,29.77
50.67,6.08,6.01,17.68,61.8,69.0,59.32
40.9,6.49,3.98,17.25,83.3,64.5,58.45
68.05,2.35,6.5,8.87,78.5,78.7,44.87
53.65,2.68,5.44,11.72,60.7,74.3,45.97
43.67,4.79,2.63,19.52,52.8,62.9,56.62
55.3,2.92,6.26,10.65,79.0,61.2,47.93
48.78,3.43,4.46,18.11,73.5,47.7,50.77
90.31,3.54,7.09,1.66,47.6,89.8,49.69
78.22,0.62,5.5,3.82,44.1,79.2,27.05
64.88,3.48,6.21,8.82,18.6,88.4,39.11
87.2,2.47,3.78,11.7,63.1,63.8,49.18
66.16,2.76,4.44,16.32,58.3,56.9,46.28
52.08,5.67,4.67,19.77,82.7,48.4,59.01
87.85,1.62,7.04,7.78,67.2,77.2,55.72
73.08,4.72,8.52,0.95,86.7,49.2,50.1
49.44,3.08,4.05,16.02,46.1,100.0,54.83
62.14,3.08,7.44,12.09,82.8,43.8,47.21
51.87,4.69,1.59,3.97,49.4,75.5,32.61
44.26,4.01,3.35,9.9,75.6,100.0,46.72
78.89,4.36,3.77,14.85,30.8,82.0,48.85
93.64,4.95,3.07,15.41,64.7,73.5,67.95
44.02,3.0,2.65,9.99,20.3,50.6,34.22
73.44,2.58,6.24,6.1,54.7,42.4,40.42
55.24,1.87,5.11,19.47,68.8,85.4,56.62
57.69,2.26,6.18,13.27,49.6,100.0,37.95
56.11,7.92,6.74,8.16,39.0,61.2,56.87
52.04,5.37,5.98,5.61,76.9,47.2,37.42
65.73,1.47,6.68,14.62,57.9,20.8,38.06
52.54,1.52,5.37,4.84,50.2,50.4,27.34
69.06,4.22,3.36,3.43,60.8,67.7,43.64
64.25,4.32,7.4,10.6,112.7,100.0,62.07
61.42,4.32,4.44,5.8,83.1,83.5,53.75
51.39,3.12,3.82,12.58,83.3,76.1,42.73
56.35,3.31,5.18,2.36,68.7,62.0,39.67
76.33,3.99,3.86,13.1,63.3,58.3,50.22
72.51,3.63,4.75,5.67,12.1,98.1,34.49
50.34,0.17,6.12,0.0,46.4,74.0,19.57
66.49,3.16,6.13,2.54,50.4,27.9,31.32
76.27,2.22,3.88,18.67,22.5,56.5,50.34
39.96,3.76,4.62,17.35,36.9,52.8,45.17
73.15,7.98,7.43,4.67,20.4,59.1,47.32
55.06,4.05,6.39,15.57,59.2,81.3,52.68
73.56,3.03,9.24,12.17,76.4,67.9,64.33
53.55,4.88,7.62,19.42,82.1,68.5,61.46
37.93,4.22,7.56,7.47,68.3,96.3,46.57
40.59,4.13,3.0,13.63,40.7,56.1,42.1
65.72,4.41,6.87,1.27,21.4,100.0,47.15
68.9,6.58,5.4,7.92,24.9,56.6,46.32
51.44,1.8,4.51,19.28,34.6,71.8,45.67
74.58,4.21,5.8,10.78,42.2,64.4,47.06
40.08,2.11,7.2,5.76,56.8,72.5,39.11
64.01,4.33,6.4,2.41,39.7,78.9,42.72
46.83,2.12,3.92,14.07,66.8,78.7,44.56
55.22,2.87,6.84,12.9,55.4,54.9,39.88
65.71,3.06,4.35,7.48,60.2,47.5,33.75
52.09,4.96,5.89,19.02,82.8,100.0,67.97
59.23,4.88,4.95,0.44,36.4,60.3,35.51
80.09,1.63,5.11,6.07,68.4,84.0,44.17
56.35,3.58,6.88,18.42,59.7,37.8,47.38
77.54,2.44,3.63,6.42,53.3,64.4,43.14
48.05,1.61,9.0,5.05,77.7,67.5,35.18
72.95,3.17,2.22,10.68,77.6,79.5,45.96
86.62,3.04,4.42,16.48,41.1,15.6,48.05
27.93,7.14,6.17,2.06,56.4,73.3,50.19
53.05,4.15,6.55,18.86,65.6,47.0,49.34
73.66,1.43,5.32,15.9,54.5,76.5,57.04
61.95,2.65,5.4,3.63,71.7,49.3,36.62
70.57,5.03,6.24,14.24,65.6,52.9,49.31
55.94,6.63,5.08,7.7,96.7,64.5,55.72
66.3,1.12,8.01,8.05,29.4,49.0,32.28
62.66,0.68,7.01,15.67,57.6,60.5,44.49
82.52,6.31,7.07,19.26,41.8,46.1,63.03
68.82,4.08,3.76,2.53,72.1,33.3,35.87
70.06,2.2,5.36,8.41,27.7,90.4,36.87
58.82,4.3,4.96,9.62,66.9,44.1,47.93
57.69,0.1,3.69,7.53,47.4,66.4,22.37
58.51,3.51,6.15,7.26,45.3,85.1,38.28
70.92,3.99,4.53,1.05,31.1,57.7,36.66
58.69,4.89,6.68,13.71,50.7,53.5,58.26
69.35,1.98,3.57,8.72,81.7,74.5,40.02
96.13,3.63,8.59,3.9,59.5,92.4,58.94
78.07,2.11,3.89,16.32,72.6,46.6,51.64
60.11,3.88,5.89,16.05,93.3,67.0,59.04
83.02,2.16,6.93,9.73,65.3,35.4,41.34
58.88,2.89,4.47,5.97,48.8,62.1,30.33
34.43,2.01,7.03,12.76,69.3,70.7,30.38
49.88,4.48,3.29,5.76,49.1,52.9,34.57
36.94,4.79,8.11,4.72,49.9,60.9,46.68
59.73,3.15,5.53,14.61,29.6,41.8,35.18
65.28,3.56,4.43,0.81,78.5,71.5,42.28
90.15,1.33,4.96,1.9,52.3,91.1,35.12
69.9,3.05,6.96,0.14,63.6,48.1,36.2
61.71,3.42,4.45,3.06,39.3,57.5,37.21
77.44,7.43,4.15,1.38,68.7,80.1,50.29
31.83,1.83,5.1,19.92,44.8,94.2,46.57
68.53,5.7,3.38,5.78,57.2,40.1,40.19
76.56,5.0,8.78,2.99,77.6,66.6,55.47
42.82,3.92,4.48,4.82,75.8,75.7,40.84
82.16,6.14,7.0,18.72,59.6,68.0,67.41
70.08,4.06,5.88,10.4,24.6,20.5,46.43
58.77,4.08,3.73,7.3,119.9,80.0,52.75
74.49,3.42,5.49,17.47,94.9,100.0,59.12
99.06,5.34,6.91,7.9,74.5,72.3,61.01
67.73,5.14,5.16,6.7,44.9,49.4,43.18
68.72,2.56,7.65,4.15,57.7,59.7,39.95
58.11,1.52,7.34,7.56,49.1,100.0,54.73
52.25,3.2,7.15,6.33,85.3,88.2,48.39
77.46,2.3,4.67,13.55,65.3,82.8,39.66
52.16,3.4,3.56,5.79,44.3,77.1,33.87
66.07,5.36,4.4,11.54,50.6,56.8,39.3
57.84,2.81,5.85,1.32,82.4,66.0,35.12
72.18,3.44,6.48,3.83,92.0,68.4,36.04
70.0,3.59,1.59,8.15,90.6,81.0,41.35
80.56,4.77,5.49,18.74,75.1,100.0,59.61
57.35,0.13,5.78,7.55,54.9,92.4,37.27
60.95,2.59,5.0,13.28,5.0,41.6,35.06
50.32,3.82,7.82,5.1,65.9,74.5,45.27
58.34,5.3,6.26,2.54,60.0,84.7,45.95
70.66,2.76,7.86,1.17,62.8,82.4,35.08
76.35,0.69,5.11,6.11,61.1,57.4,36.91
51.17,4.43,7.19,3.15,33.5,100.0,53.42
78.04,2.55,8.44,3.48,71.1,44.5,43.07
85.33,1.72,7.86,15.22,72.6,48.3,48.77
71.2,2.56,3.53,0.32,73.6,74.7,28.41
93.15,3.22,5.04,11.16,78.9,100.0,54.24
53.39,2.59,4.88,7.59,72.1,53.3,39.05
46.33,0.19,6.38,10.13,51.8,64.7,37.45
38.32,4.85,6.74,11.26,58.6,91.5,52.18
87.44,5.41,3.99,6.27,61.8,69.6,55.93
74.82,4.48,5.62,5.9,62.2,63.3,50.32
64.17,1.79,1.86,14.67,80.0,81.3,46.8
69.2,3.2,8.1,17.43,72.9,75.5,54.63
48.12,3.49,4.58,3.85,101.5,90.6,44.21
101.69,4.4,5.6,1.95,104.1,95.8,54.69
66.94,4.5,4.94,17.96,61.6,76.1,57.1
66.64,2.4,7.56,7.0,5.0,75.8,39.87
75.89,3.62,0.5,11.03,84.7,74.3,55.23
72.22,4.19,5.47,7.19,49.2,79.8,40.92
68.36,5.68,5.31,2.52,44.0,71.1,47.3
53.14,4.56,4.68,11.79,52.0,70.0,54.08
72.07,4.68,8.61,10.5,51.1,93.9,61.78
93.23,3.63,3.9,4.06,72.2,100.0,55.75
85.18,5.62,6.89,9.04,28.8,39.8,53.12
88.9,4.11,6.14,15.94,38.4,70.2,63.94
57.33,2.21,7.77,11.81,66.9,56.2,38.13
50.16,5.61,4.3,1.94,72.5,63.8,34.13
63.11,4.55,4.18,10.96,72.8,78.1,50.51
65.84,2.84,7.47,14.05,44.3,83.4,39.85
81.41,2.78,6.27,15.85,40.4,67.8,57.63
39.61,3.94,2.72,12.58,49.9,31.7,41.01
87.94,4.19,4.53,3.05,64.8,50.7,41.45
62.63,3.8,6.2,14.2,89.7,87.9,54.85
58.6,3.97,7.01,13.55,19.1,15.2,38.45
49.82,6.05,4.28,0.49,55.6,93.7,44.07
40.18,5.11,0.5,8.23,33.3,80.4,38.2
77.35,3.79,6.44,6.66,27.0,96.3,51.19
66.1,4.91,3.3,13.39,79.3,66.0,51.38
45.65,1.95,1.87,4.32,70.9,28.8,27.84
45.57,4.1,0.5,11.82,69.0,78.6,44.17
59.96,6.21,6.97,18.26,78.4,95.5,64.96
90.04,3.17,5.73,15.96,50.4,88.5,65.06
61.11,2.23,5.09,18.43,51.3,56.7,38.86
42.45,2.52,8.0,19.57,103.7,71.7,54.65
61.31,1.87,6.65,0.21,55.1,59.3,35.67
60.91,2.32,8.41,12.45,74.7,53.6,42.75
24.55,2.94,2.99,8.26,60.1,89.1,37.35
64.19,1.39,5.44,17.2,23.0,46.0,41.36
61.54,3.52,2.59,5.04,19.1,52.1,26.35
75.44,4.85,5.09,19.62,48.4,47.9,55.72
92.73,2.14,5.05,12.27,81.1,40.2,46.9
81.9,5.78,6.63,15.87,75.8,72.9,62.59
60.97,4.27,5.58,1.71,78.3,93.2,56.95
48.4,5.05,6.62,3.67,40.3,66.3,36.76
103.6,2.51,6.77,15.17,92.3,39.9,62.57
65.89,4.78,9.38,0.44,40.7,86.8,44.73
65.21,1.86,4.93,16.34,64.3,100.0,45.67
64.64,4.84,3.81,0.28,59.8,57.1,37.73
67.97,3.76,5.94,13.14,56.5,60.4,52.25
62.83,4.33,4.06,7.3,86.8,80.3,52.73
56.4,1.74,8.17,12.23,45.9,100.0,55.11
56.8,2.16,4.99,13.92,33.0,59.6,53.73
64.51,4.4,4.48,6.85,60.4,43.4,41.85
56.85,2.08,4.65,2.16,52.0,82.6,29.82
54.31,4.19,6.79,1.39,127.5,86.0,51.2
66.6,1.45,5.22,11.78,73.5,70.1,41.51
61.18,4.77,4.34,10.41,51.8,58.8,50.18
87.56,1.65,8.5,14.84,38.9,89.9,48.07
25.24,4.33,3.96,10.19,22.4,80.6,49.73
81.37,4.44,5.56,8.45,39.5,54.6,51.15
83.69,2.45,6.67,7.96,62.3,71.0,38.7
33.9,4.37,2.56,0.53,88.5,43.0,26.29
59.86,3.89,6.36,6.71,82.4,83.7,52.6
59.43,2.69,3.6,19.52,64.6,64.8,54.3
43.89,1.99,6.98,17.47,53.5,61.3,37.69
53.33,0.56,3.77,6.59,65.4,69.3,33.73
48.34,4.02,6.75,11.76,49.6,70.8,36.8
91.28,1.15,7.49,16.95,94.4,87.9,59.51
79.04,3.64,7.05,8.83,56.2,81.8,57.36
84.07,3.1,5.95,0.36,58.3,66.9,37.68
75.83,4.52,5.08,1.49,15.7,85.3,33.64
48.06,3.05,4.46,10.21,56.1,78.0,41.88
57.13,3.01,8.15,19.39,76.7,61.5,51.95
72.34,4.6,4.24,13.86,38.6,67.5,53.52
46.67,4.0,3.63,1.42,45.0,67.0,27.68
75.69,3.97,6.7,3.79,75.9,80.1,44.89
61.4,4.2,4.07,15.43,30.5,62.7,36.4
59.38,1.2,3.79,16.83,81.2,62.2,43.85
75.66,4.64,2.9,12.35,49.4,100.0,53.42
71.66,4.42,4.63,12.89,52.2,88.8,47.88
59.59,1.97,5.35,0.57,37.5,54.8,28.11
82.39,3.13,5.94,16.57,67.6,81.4,62.92
48.78,3.44,7.21,15.77,109.2,72.4,54.15
74.24,3.3,6.45,5.18,75.6,77.8,48.32
73.9,4.0,5.16,14.17,42.7,72.7,52.87
60.36,5.65,5.14,4.3,82.7,93.8,45.77
69.89,5.12,6.42,0.81,53.7,76.9,55.46
46.23,1.53,7.79,4.02,87.5,68.8,34.11
78.86,4.43,5.73,3.57,76.1,90.8,54.44
62.23,5.49,4.66,6.75,5.0,74.7,46.54
57.16,4.08,3.71,8.37,39.9,72.4,40.23
80.74,5.14,2.9,10.17,78.9,76.3,57.38
54.43,6.52,6.7,9.54,63.0,68.1,55.25
43.87,5.04,6.54,5.41,39.5,70.2,34.65
41.65,3.87,6.54,0.58,47.3,58.3,30.87
74.09,5.07,5.27,12.1,21.9,55.0,45.2
45.79,3.72,8.03,7.91,58.2,50.0,38.69
91.32,3.54,4.63,5.97,104.2,42.2,41.41
33.77,2.97,7.22,17.34,76.1,52.4,52.13
90.45,5.85,5.43,14.93,103.8,66.5,75.28
68.17,2.27,4.4,17.16,77.6,72.1,55.11
63.55,5.8,6.57,9.9,80.5,64.6,61.4
56.83,4.25,6.24,2.62,99.5,22.9,36.02
70.99,1.4,6.14,13.92,67.5,100.0,47.4
64.44,4.05,5.65,4.12,56.3,91.7,41.44
81.55,0.35,5.43,8.82,80.7,78.9,45.81
66.71,4.44,9.8,1.3,89.1,100.0,55.07
67.25,4.83,7.63,16.51,50.4,50.5,54.62
59.55,2.61,6.8,2.52,45.6,100.0,46.6
64.15,3.69,5.7,18.06,62.8,50.7,53.31
69.62,6.43,7.31,17.28,76.6,74.8,62.73
39.35,2.74,6.43,9.29,76.0,44.5,33.87
44.78,1.91,5.55,14.89,31.5,70.3,42.48
76.15,5.72,4.95,12.39,98.2,77.7,66.84
67.56,6.44,5.35,16.06,47.2,66.9,61.69
62.24,3.51,0.5,8.64,54.7,84.3,49.34
65.28,5.02,5.88,15.72,41.9,72.0,62.9
70.21,5.51,4.62,9.25,114.0,59.6,57.49
56.9,2.39,8.37,18.82,64.8,58.7,47.02
53.33,2.77,5.53,9.73,43.0,86.2,35.5
67.94,5.35,3.36,9.25,77.3,56.9,46.78
50.32,6.03,5.41,15.7,75.4,88.3,63.82
71.12,4.34,3.62,16.43,56.2,94.5,65.84
39.46,2.18,6.35,11.09,76.8,36.6,38.12
80.44,6.48,6.02,3.6,43.5,92.7,60.9
72.09,2.7,7.22,9.36,50.1,100.0,48.95
68.84,3.0,4.08,19.36,19.8,75.0,51.9
79.74,4.01,5.56,15.06,33.5,82.0,58.77
89.98,5.83,3.04,16.22,96.2,90.7,58.37
80.22,4.78,6.76,0.66,92.8,64.5,46.79
37.39,4.12,6.43,9.36,61.3,73.6,48.82
45.81,4.19,6.39,12.93,93.3,43.7,48.91
55.63,3.57,5.5,16.6,56.8,72.8,44.4
65.39,4.34,6.25,0.99,55.1,80.0,30.26
72.76,0.1,8.39,17.05,61.1,80.3,47.16
54.11,3.06,4.99,10.97,57.5,91.3,45.37
67.8,3.86,5.75,3.95,55.7,54.5,35.38
53.67,1.77,3.54,6.35,82.9,59.3,34.36
55.83,4.08,3.94,5.64,63.0,100.0,47.45
43.9,3.19,5.68,10.62,74.2,67.0,46.21
51.15,6.13,7.49,1.03,80.6,74.0,36.41
44.72,5.86,5.04,3.17,67.8,68.7,36.56
50.36,2.8,5.08,16.25,40.6,53.6,40.26
80.8,3.27,4.77,2.65,32.9,100.0,46.08
50.76,3.39,4.54,4.67,63.0,59.4,38.11
104.49,2.82,6.03,9.07,56.6,47.5,52.28
72.4,3.79,2.8,10.34,61.7,61.0,42.49
67.77,2.36,7.81,15.27,59.7,30.0,43.04
52.12,1.8,4.3,8.95,111.7,57.0,35.59
75.5,4.43,6.8,15.8,33.4,50.6,56.2
56.37,4.44,3.21,12.37,20.2,82.3,39.78
66.83,2.29,6.7,2.26,66.6,56.5,40.17
103.4,4.84,6.71,3.13,52.5,87.8,57.81
63.56,2.55,6.19,8.74,66.3,98.0,47.18
82.24,3.88,3.71,7.94,71.7,85.6,47.31
54.45,4.73,5.95,14.87,85.7,65.7,47.68
64.48,3.45,3.37,11.61,29.9,72.8,38.83
91.56,4.18,5.05,7.76,48.9,39.5,44.46
55.6,2.73,7.35,3.42,68.6,67.3,26.72
92.19,3.21,6.93,4.54,75.4,52.8,46.37
75.62,3.19,5.53,11.51,103.9,83.9,59.92
56.56,2.38,3.75,8.47,79.1,100.0,46.73
74.49,3.23,6.66,10.3,58.9,80.0,47.88
79.59,1.18,5.53,3.41,42.2,30.2,28.93
74.33,2.76,1.32,13.26,48.7,62.8,38.79
41.45,3.07,6.91,17.05,48.1,72.4,48.31
54.09,3.12,5.46,5.16,73.1,71.7,47.56
61.29,3.14,7.66,9.83,65.1,55.4,49.78
63.88,3.41,3.53,19.51,33.5,74.9,52.4
74.31,4.22,0.5,6.66,51.3,45.1,34.16
67.67,4.81,6.0,11.9,77.6,51.1,55.51
44.97,2.53,6.02,1.8,67.0,82.9,26.76
70.7,1.7,2.46,12.12,71.4,49.7,36.93
74.16,1.94,3.74,1.79,67.7,80.8,39.14
73.4,2.77,10.46,19.18,92.5,42.6,62.73
81.21,2.97,4.95,14.31,64.7,100.0,59.65
77.51,2.35,6.82,15.76,52.3,54.5,50.49
71.89,1.56,4.33,14.08,41.7,65.5,40.47
63.95,2.82,1.74,11.79,65.0,76.6,45.03
40.09,3.77,5.19,9.0,11.2,58.7,29.62
71.44,4.39,5.02,17.17,56.3,72.9,51.81
68.12,2.66,4.78,19.14,55.9,81.5,53.16
69.07,2.88,5.29,9.98,32.7,89.2,45.79
45.85,2.11,5.98,18.63,41.4,85.8,37.93
48.78,3.45,5.23,11.67,76.2,66.6,47.3
80.8,2.23,3.22,10.77,64.6,67.1,47.62
64.41,4.36,6.38,9.09,62.0,100.0,53.03
75.22,0.82,1.99,4.19,66.1,89.0,46.13
65.42,2.96,1.81,0.07,61.9,51.6,25.14
65.45,3.95,6.83,4.83,84.9,72.0,45.4
79.07,3.78,6.41,10.19,62.5,63.3,48.54
57.26,7.54,5.4,7.6,30.8,67.3,50.59
66.44,4.02,2.99,8.97,92.6,45.4,41.89
58.07,1.99,4.23,19.61,67.4,61.8,39.69
58.48,3.36,5.03,7.01,48.2,100.0,41.6
60.36,0.84,2.63,9.04,34.9,81.6,31.51
68.33,3.38,4.17,2.67,67.9,20.2,37.64
57.82,2.25,6.67,0.96,57.7,94.3,48.52
83.84,4.87,8.07,15.51,91.5,91.8,75.59
51.58,2.68,4.75,11.41,53.1,62.8,35.63
62.2,3.32,6.86,15.21,43.3,84.3,48.24
58.4,2.55,2.05,3.0,77.9,52.8,29.8
86.7,6.11,6.69,11.44,78.5,60.6,70.96
67.95,3.02,4.05,5.07,63.4,100.0,43.04
80.48,6.25,6.05,4.56,73.5,64.6,47.43
42.72,4.72,5.05,0.23,59.2,32.6,27.99
69.01,4.22,7.88,2.61,64.7,68.7,49.31
78.34,4.05,3.93,6.19,83.3,68.4,50.89
66.23,4.09,6.63,2.34,72.5,94.0,46.36
80.98,0.61,5.0,19.72,56.6,70.3,52.23
57.24,3.08,5.22,6.17,87.0,61.6,29.49
86.14,4.77,5.17,2.61,12.7,90.9,46.59
99.48,3.43,3.98,3.98,101.0,72.4,55.76
59.56,1.39,5.47,11.75,25.9,55.0,30.31
58.32,3.42,5.39,1.28,47.5,93.1,34.48
86.8,6.06,5.93,17.25,59.2,73.9,56.96
88.69,5.37,5.65,19.23,57.1,70.1,73.33
57.16,3.41,6.94,4.93,80.1,73.6,40.27
58.7,4.93,7.16,9.0,38.8,48.6,46.0
60.77,2.95,3.61,0.44,65.2,59.4,34.59
44.83,0.94,7.06,12.81,48.4,70.1,45.35
51.22,2.11,3.36,8.28,65.9,66.1,34.29
49.94,5.84,6.56,5.4,58.7,95.4,48.24
53.48,3.09,6.62,4.14,61.9,74.3,40.27
64.48,3.13,2.06,13.08,49.0,87.1,51.35
68.51,3.05,5.67,8.32,49.8,70.2,42.28
88.26,6.36,4.66,3.59,65.7,91.1,52.21
50.02,5.94,4.13,13.78,78.9,78.0,47.56
79.76,6.83,7.93,11.3,48.0,70.3,56.15
61.79,3.26,4.32,17.17,42.6,69.7,52.23
64.26,3.94,4.05,2.35,72.3,50.9,35.33
75.12,1.23,5.64,15.71,59.3,80.1,45.15
48.16,5.72,6.73,13.47,76.6,69.2,51.98
70.74,1.75,5.25,2.3,41.9,60.0,31.88
67.5,3.83,7.6,13.9,24.4,92.1,52.12
72.39,1.85,6.46,8.83,49.3,45.0,36.61
69.34,2.62,1.58,18.9,44.7,61.6,51.56
101.83,2.24,4.55,2.83,58.4,90.6,54.37
55.43,2.59,4.49,12.86,47.3,76.3,34.35
57.04,2.69,6.36,7.64,74.8,69.0,43.88
55.65,2.68,0.78,19.14,54.2,75.0,40.53
56.67,4.75,10.09,6.6,63.0,73.6,50.14
55.44,1.84,6.46,19.24,63.2,39.7,45.91
82.84,3.83,5.77,18.03,63.9,63.0,56.91
86.31,5.33,7.63,5.41,59.5,100.0,60.46
56.44,2.73,9.72,16.07,70.2,56.8,54.93
52.51,2.42,7.07,19.91,44.1,63.6,50.06
72.07,3.15,7.21,5.05,88.0,59.2,42.06
56.72,5.27,5.74,8.74,55.3,68.3,44.93
74.49,3.79,5.25,10.4,33.8,58.3,37.47
68.04,2.7,4.64,5.9,63.8,79.7,37.13
42.26,4.23,4.01,0.31,43.0,73.9,42.14
88.21,1.85,4.26,4.4,73.3,85.5,39.65
91.94,4.52,3.07,5.64,104.2,49.0,43.93
55.81,4.11,5.36,8.87,44.3,63.2,43.84
59.18,3.04,2.47,3.42,66.6,65.5,33.33
69.29,2.24,5.84,17.47,24.9,79.1,47.18
70.02,2.17,5.43,14.1,69.1,54.1,52.3
74.88,4.3,5.76,1.7,42.3,88.3,47.18
95.15,5.34,4.56,13.0,47.5,93.7,60.03
62.35,2.54,11.04,13.07,38.0,50.2,44.73
53.03,4.19,7.95,19.12,74.6,60.2,54.35
44.31,0.37,3.26,0.06,80.1,59.4,25.88
54.04,2.62,5.92,4.96,60.5,100.0,40.18
64.5,3.45,4.41,18.56,42.7,61.4,40.18
91.92,2.14,3.67,18.64,91.8,100.0,61.33
57.24,2.1,3.09,14.41,45.0,44.7,28.33
68.36,2.5,6.28,15.32,16.8,50.2,53.08
64.75,3.94,4.27,1.83,69.2,56.3,32.49
82.83,3.22,7.24,10.28,37.9,53.1,46.03
102.9,0.14,7.29,4.63,79.8,64.6,45.13
57.04,0.32,7.97,3.62,52.4,55.8,27.77
57.66,2.59,3.97,16.21,72.1,53.6,42.85
80.66,4.19,6.36,2.7,88.0,93.2,54.46
75.23,0.1,6.64,9.37,35.8,94.5,47.76
92.7,2.75,4.65,18.77,48.7,89.0,62.78
73.76,2.71,4.11,3.72,58.5,80.5,47.06
59.61,5.58,8.4,19.56,90.8,71.9,61.37
73.86,2.92,5.91,19.89,46.8,60.1,54.4
81.63,4.07,6.64,11.11,48.1,50.9,50.62
77.31,3.71,4.02,3.4,69.6,77.3,45.48
72.61,0.3,3.31,6.32,48.5,46.5,34.36
81.0,4.65,4.47,8.49,63.1,50.1,46.73
82.54,3.82,5.28,6.19,29.0,93.1,45.61
85.73,4.26,3.58,5.61,104.3,100.0,58.45
74.73,9.39,5.48,19.44,33.0,77.9,63.9
62.49,0.37,2.46,3.07,53.6,92.1,27.73
67.2,6.09,3.48,14.67,59.4,65.1,54.56
83.1,3.07,6.71,0.01,98.3,43.2,36.53
52.75,3.93,6.59,11.92,33.5,82.2,52.4
70.53,3.43,4.79,18.32,99.7,81.4,54.02
59.1,2.86,3.67,5.76,75.1,71.4,37.95
65.43,2.65,3.65,3.71,68.3,65.2,37.24
84.18,3.99,4.83,13.03,40.3,89.2,61.51
67.87,1.22,6.66,14.25,71.4,50.3,43.16
65.7,4.63,7.17,13.76,45.5,54.5,55.85
44.6,2.88,4.61,6.39,85.3,49.8,38.97
76.19,1.8,3.42,5.04,40.6,71.7,35.39
74.68,2.82,5.98,19.12,57.7,48.2,45.97
97.45,5.39,4.02,18.47,48.9,56.3,55.05
60.38,2.7,4.57,9.15,40.2,55.9,37.22
68.29,4.04,7.89,16.92,74.8,64.8,55.42
68.74,2.4,6.99,9.05,70.7,40.3,45.67
88.66,4.64,5.78,8.49,84.2,71.7,60.35
63.57,4.53,3.21,3.14,24.4,94.9,39.15
69.19,6.27,5.88,8.53,81.3,72.7,51.12
74.12,3.24,7.41,10.75,110.1,100.0,62.27
67.8,4.5,4.82,0.45,51.0,96.7,38.23
58.3,3.65,7.93,8.88,97.9,85.6,49.35
67.91,5.44,7.83,15.63,54.7,71.5,55.13
81.1,2.42,8.49,13.6,32.6,70.5,49.9
49.6,4.62,6.05,12.7,53.9,85.3,57.0
66.99,3.21,6.56,18.19,81.0,62.2,55.11
54.5,3.4,8.05,0.36,43.2,32.3,28.48
82.93,3.64,6.31,11.14,48.0,79.8,45.16
42.15,3.88,4.6,15.75,71.9,47.4,47.53
56.62,3.33,4.69,10.83,60.1,50.8,36.8
70.66,3.82,5.93,6.48,71.7,70.0,47.31
88.48,5.87,3.18,2.73,64.8,68.1,47.69
64.01,4.98,5.24,17.75,69.6,41.8,57.83
56.67,4.8,7.47,9.42,51.4,73.3,48.94
93.22,2.82,1.56,17.56,64.6,89.3,55.84
43.28,2.17,8.26,11.72,41.5,47.4,39.98
32.02,4.93,7.52,13.48,85.8,95.4,66.97
71.6,4.81,4.67,16.09,47.3,38.8,54.37
57.47,5.71,6.48,13.18,82.6,100.0,61.48
49.68,2.59,5.51,7.96,55.3,61.8,36.81
75.63,3.16,7.71,10.27,64.0,72.9,48.45
68.66,1.04,7.27,16.06,50.1,32.2,35.59
56.54,2.91,2.98,7.47,39.7,68.8,32.27
45.8,4.99,6.56,7.76,25.1,74.6,39.44
78.09,2.8,5.13,1.91,38.9,68.3,40.02
74.75,4.46,5.65,18.29,53.5,58.7,51.0
63.51,3.21,4.19,1.82,64.2,51.1,40.17
92.7,3.99,8.65,12.96,80.2,92.6,69.68
48.95,1.78,7.37,8.26,51.1,70.6,37.73
42.12,3.63,4.17,8.11,42.4,100.0,41.57
54.62,0.1,3.1,13.59,31.1,59.5,26.85
64.32,3.22,4.81,1.34,69.6,61.3,37.42
68.65,1.05,6.28,11.87,87.7,86.3,52.75
61.38,5.31,5.93,15.44,85.3,37.5,50.27
70.28,4.67,7.76,16.56,74.2,45.7,49.39
46.23,4.2,6.92,3.41,72.8,91.9,48.4
86.66,5.78,7.25,17.95,94.0,46.6,68.64
63.77,2.08,6.09,13.12,66.6,33.6,34.62
81.76,6.12,3.0,17.64,72.9,100.0,63.69
70.14,4.9,5.15,9.71,53.6,42.1,41.52
71.85,3.15,7.41,10.84,32.8,73.7,43.7
73.55,5.2,5.41,18.38,46.3,71.4,57.66
71.72,1.84,6.41,18.0,59.8,13.8,41.0
74.64,2.26,4.93,8.96,61.2,64.7,38.88
84.94,2.59,3.65,5.49,98.5,79.0,42.99
67.95,2.71,5.28,7.86,61.6,77.1,42.16
75.64,1.92,6.06,7.76,83.6,88.1,48.17
63.65,5.33,4.32,5.74,51.3,62.3,42.38
86.6,3.11,5.08,5.37,53.8,84.3,52.5
54.85,4.03,3.81,17.22,33.4,56.2,47.87
92.01,2.64,7.51,1.4,45.2,41.8,30.87
64.4,0.77,4.97,13.55,70.5,44.0,40.05
43.54,3.91,8.11,3.46,60.2,40.8,39.1
66.92,0.63,8.25,6.89,78.9,90.2,41.07
54.78,3.4,5.35,1.23,63.6,39.7,23.95
77.61,1.45,3.68,5.4,53.0,75.5,36.51
55.21,6.48,1.75,15.37,103.0,64.7,56.79
58.31,4.87,2.85,17.7,58.1,67.9,46.41
36.66,3.66,3.03,4.43,83.3,97.3,32.53
58.22,5.4,7.98,9.27,52.0,61.2,50.1
28.64,2.23,5.71,9.41,74.2,82.2,37.71
41.24,4.32,6.2,17.47,78.6,70.8,51.49
76.41,3.8,1.5,15.26,64.2,67.0,48.93
76.79,3.9,3.34,10.26,12.9,100.0,41.75
71.38,5.41,7.1,13.41,60.4,41.2,51.66
50.5,4.6,6.02,16.95,84.6,95.8,62.35
64.28,3.93,5.24,0.19,70.5,83.1,39.3
64.95,1.02,6.52,8.06,68.9,60.4,29.13
47.62,2.06,8.44,18.14,25.6,100.0,47.91
87.55,3.32,5.1,14.81,45.6,33.0,42.23
78.16,3.64,5.62,10.86,68.2,59.6,50.9
61.69,1.8,5.85,10.59,68.2,45.8,39.99
65.4,7.12,9.81,6.96,84.3,78.2,54.76
68.13,5.77,1.72,10.41,57.1,47.7,49.52
34.37,4.4,6.73,13.11,68.1,78.7,44.06
61.29,3.61,5.29,8.37,60.3,66.3,51.14
54.77,3.18,6.52,14.28,40.3,60.4,44.45
49.98,2.07,4.32,17.22,14.9,77.8,34.32
60.78,3.62,5.41,3.09,68.6,64.6,33.53
91.97,3.89,6.78,9.03,63.5,48.2,53.06
74.61,1.64,11.1,8.16,47.6,100.0,48.92
56.43,4.0,6.95,13.75,27.6,60.3,45.74
73.59,3.27,3.97,5.0,72.6,25.6,43.54
85.99,0.64,4.74,12.81,54.7,53.2,37.34
78.87,2.21,4.68,17.55,71.1,44.7,48.69
65.89,2.88,2.27,8.36,97.3,86.5,52.31
55.3,6.33,4.91,18.22,17.2,76.4,57.3
75.47,4.33,6.82,19.86,46.0,78.0,53.06
70.9,1.5,3.21,2.12,55.8,62.6,32.45
78.43,4.23,7.39,4.66,89.1,64.4,44.93
74.53,1.18,6.38,19.01,27.3,62.6,52.96
80.74,5.12,4.18,19.17,98.7,68.4,60.63
56.97,2.79,5.25,1.95,62.7,86.7,52.36
84.76,3.36,8.38,0.3,58.1,76.7,53.02
67.96,5.49,6.82,3.22,56.0,80.0,45.23
96.13,1.57,5.52,19.92,51.3,80.0,57.41
54.66,1.4,5.07,3.6,81.0,87.7,39.92
91.04,2.62,5.64,10.05,38.6,75.8,52.4
67.97,5.06,4.58,16.97,66.9,77.2,60.48
55.23,1.22,1.71,0.41,52.3,93.8,33.11
57.74,0.1,9.18,12.09,44.8,56.7,36.51
60.19,2.82,5.78,5.54,111.7,52.9,40.1
71.36,4.33,6.22,17.25,68.4,46.3,52.81
72.84,5.3,5.4,5.67,72.3,73.7,55.18
56.39,2.81,4.18,13.74,82.8,32.9,42.52
64.63,2.88,5.17,13.48,31.6,79.2,46.83
97.13,5.23,2.62,4.43,95.0,67.8,57.68
90.91,0.7,9.6,0.7,9.8,92.7,28.4
71.54,2.92,3.28,8.18,44.6,56.6,39.39
65.57,3.79,3.64,5.78,50.8,65.9,40.54
66.8,4.17,4.71,16.18,71.6,92.4,65.91
74.2,2.74,7.82,16.01,64.4,97.7,50.88
49.66,3.55,5.53,9.14,56.7,56.4,47.86
61.14,0.1,3.27,12.13,59.8,73.6,35.17
39.97,2.51,7.76,12.09,40.4,75.9,44.39
70.99,4.18,6.82,16.54,30.1,77.5,63.33
74.71,2.03,6.47,8.5,74.5,64.7,47.02
57.75,3.59,6.79,5.51,73.9,95.6,49.56
88.61,4.17,9.81,5.3,91.7,32.2,53.21
46.61,2.99,9.43,10.72,44.2,61.6,41.07
43.03,3.76,4.26,8.98,73.9,79.0,42.85
68.37,2.06,8.42,8.8,54.3,79.1,42.07
80.71,3.19,6.19,1.82,83.8,97.1,48.32
90.26,4.42,6.4,14.37,80.4,94.0,53.69
58.12,3.74,2.45,4.27,64.2,64.3,38.24
81.18,2.62,5.19,3.94,53.2,96.0,43.83
64.42,3.84,4.04,8.26,79.2,55.7,41.69
62.41,4.57,6.99,4.56,72.9,88.6,50.78
78.25,0.43,7.43,11.68,46.3,100.0,39.55
74.78,5.24,1.77,7.43,33.4,94.3,57.23
41.35,3.0,5.46,8.98,54.2,72.1,38.36
87.15,4.14,7.52,10.74,90.3,63.4,57.48
85.7,5.3,5.16,4.07,82.9,39.4,43.33
55.62,1.44,6.81,3.12,37.8,76.2,32.17
70.94,2.44,6.13,17.61,36.6,47.7,52.97
72.41,3.07,6.11,8.67,85.5,54.1,51.23
68.91,2.32,5.01,8.24,37.3,46.2,39.59
56.75,6.1,3.31,0.71,70.2,60.8,43.55
54.93,2.21,3.48,9.96,47.7,69.4,34.59
64.62,2.67,6.78,11.08,92.3,75.5,42.76
82.59,3.81,5.54,11.18,44.6,58.0,47.7
73.15,1.7,5.25,14.14,82.9,91.4,50.14
59.44,2.91,4.74,3.55,63.7,65.8,41.38
76.58,3.98,4.95,5.04,65.0,54.2,44.59
22.27,3.0,7.38,16.21,20.6,74.5,50.03
82.23,3.36,4.9,18.94,15.9,100.0,62.93
38.9,2.71,3.09,2.72,55.6,76.7,27.68
59.56,1.23,6.84,9.95,64.9,62.7,30.09
48.2,3.98,5.13,4.28,37.5,39.5,38.74
45.58,6.13,5.56,1.2,38.2,65.6,46.33
82.41,3.53,8.39,6.51,71.2,74.7,45.4
57.98,3.84,5.46,2.87,71.3,62.2,46.67
70.2,4.54,6.02,14.2,57.2,36.7,51.3
64.3,1.6,3.38,10.67,75.6,53.0,38.04
72.16,6.05,5.1,2.88,36.5,99.1,58.44
66.15,3.8,6.6,0.18,52.9,98.7,49.98
45.76,5.95,2.7,16.16,93.0,52.3,55.78
79.94,2.4,5.86,3.52,61.4,83.5,45.21
57.59,6.23,5.68,12.12,62.5,46.4,54.63
41.65,4.66,5.57,6.74,106.1,98.1,49.13
58.58,4.33,7.37,11.71,32.0,74.9,48.65
87.51,3.85,6.1,6.31,75.9,89.0,49.65
77.75,3.13,8.16,1.74,93.3,35.7,40.02
59.77,5.3,3.71,4.46,53.5,83.6,42.77
59.76,3.71,5.74,3.76,77.2,69.8,38.78
60.18,0.55,5.65,8.56,40.4,87.0,36.35
96.15,1.82,3.58,13.17,46.3,88.3,48.8
70.73,3.22,7.22,5.28,67.7,71.3,47.72
71.45,3.96,9.68,0.24,76.0,58.0,36.74
80.45,3.42,5.47,10.38,82.4,85.6,53.57
68.58,5.33,6.41,12.12,91.4,68.8,58.89
61.11,0.57,5.65,19.26,58.7,52.5,40.65
62.05,3.72,4.22,11.79,83.9,51.6,44.9
63.93,0.77,2.22,9.42,53.2,40.5,20.13
64.44,4.64,4.23,11.47,78.0,59.8,51.18
75.91,3.36,2.99,18.56,64.1,92.1,59.67
65.78,4.13,8.57,16.57,68.9,73.6,61.56
75.99,2.2,5.29,6.46,68.5,59.4,45.58
63.79,5.42,4.88,4.75,27.9,86.1,46.27
66.18,5.06,7.1,5.25,37.5,53.4,46.26
35.03,4.38,3.48,10.09,62.1,71.9,42.18
78.74,3.31,4.12,14.88,26.3,66.4,50.78
70.2,4.37,5.62,10.06,76.6,85.6,46.07
79.97,2.44,7.35,1.36,77.4,38.5,33.2
21.56,4.78,6.4,14.47,66.5,53.0,53.79
96.33,5.97,5.95,16.12,37.6,37.2,47.59
62.91,5.11,5.64,5.79,87.6,64.8,48.07
81.62,2.41,6.22,13.28,100.7,94.2,63.9
49.4,4.04,5.86,8.53,62.9,59.9,42.04
74.19,1.56,3.65,17.78,70.2,59.8,44.46
49.2,4.36,5.58,16.9,64.0,87.4,55.51
55.64,4.18,3.57,10.51,70.6,91.4,46.81
93.71,0.7,5.65,13.83,57.6,68.2,47.74
62.14,1.76,4.63,17.67,59.3,83.7,44.63
68.26,3.08,10.07,9.91,78.1,48.5,54.98
78.05,3.05,5.43,6.27,106.9,97.6,60.08
72.44,1.69,2.97,15.07,32.0,100.0,44.76
67.26,4.08,5.26,4.4,57.9,80.4,37.35
70.47,3.88,6.43,7.77,36.4,28.3,36.22
101.05,3.21,8.51,17.31,91.8,58.8,64.81
64.14,2.37,4.44,14.49,48.2,82.3,48.4
68.02,5.07,2.65,8.08,31.1,61.6,37.05
80.76,5.98,6.97,4.29,72.8,95.4,54.91
81.58,2.77,3.01,7.12,94.9,81.8,49.84
82.81,2.58,4.71,5.68,73.3,55.9,46.4
74.58,4.24,5.04,3.52,64.1,70.6,41.35
47.85,2.96,5.37,14.87,68.2,52.1,36.81
89.5,3.29,6.74,5.04,88.3,66.3,66.87
47.8,4.61,4.27,9.08,42.5,58.9,44.24
69.54,0.64,5.01,7.72,57.8,93.5,37.73
53.69,5.48,5.47,19.64,50.9,100.0,66.3
64.04,3.61,5.77,7.82,36.6,41.4,37.26
69.93,2.88,5.68,1.6,53.4,31.5,35.79
69.82,3.37,6.28,1.8,82.2,65.1,42.49
71.33,3.44,7.02,11.82,71.3,39.6,47.72
89.21,0.9,6.21,11.99,72.9,70.9,47.4
71.8,5.74,6.32,8.38,62.9,85.0,49.05
61.34,3.56,2.65,8.64,70.5,99.9,56.03
79.46,4.16,5.59,1.08,44.0,74.0,37.64
82.84,4.93,6.36,10.33,53.8,66.1,47.71
46.59,1.97,6.81,10.09,63.8,30.4,32.95
73.96,4.21,4.25,2.99,65.6,70.5,38.14
75.52,3.1,4.31,2.08,66.4,71.4,39.18
60.54,4.77,4.47,2.47,57.2,82.8,45.98
85.64,0.31,6.47,2.02,52.5,55.8,37.29
62.75,3.35,7.36,12.19,123.2,61.3,58.4
66.88,2.6,4.77,3.93,78.1,40.4,33.22
62.4,4.15,7.13,5.03,68.3,24.2,39.12
65.23,4.21,5.72,3.47,55.3,47.8,40.83
48.56,2.44,5.28,19.16,51.0,38.6,33.23
43.4,2.43,5.12,17.09,57.4,76.7,48.28
88.92,3.33,6.84,4.61,65.9,59.6,39.63
52.3,2.16,6.09,6.55,22.4,59.2,41.91
50.13,4.76,9.6,4.2,28.6,50.3,38.49
32.7,2.95,3.97,9.84,47.3,5.3,24.74
55.42,0.1,6.43,0.39,64.1,100.0,27.44
45.15,2.94,4.55,13.43,55.2,50.0,35.88
89.63,1.94,3.94,10.46,89.6,61.8,58.76
80.15,1.05,5.48,17.97,30.4,40.9,46.62
54.68,1.64,5.75,3.29,45.0,89.4,26.32
98.79,3.66,10.75,16.08,90.4,72.9,77.52
79.73,5.49,5.17,15.84,62.6,53.5,63.92
60.13,3.97,3.47,2.54,77.7,62.2,36.47
27.51,2.59,5.99,7.97,101.0,100.0,45.73
99.36,4.18,1.77,3.4,46.1,68.5,44.37
44.16,2.81,5.33,5.09,58.0,66.4,44.52
40.32,2.46,5.53,5.26,54.6,51.2,26.75
80.34,1.77,6.93,11.12,20.9,32.1,38.15
101.6,0.87,7.25,8.23,53.8,66.8,44.43
85.76,2.92,4.59,18.95,77.6,76.5,51.61
73.46,3.74,5.23,2.53,70.8,92.0,56.87
73.92,3.36,4.12,19.47,72.4,25.0,43.0
77.8,2.88,3.47,4.61,52.5,47.5,36.69
76.38,2.08,6.06,15.46,46.9,58.4,38.11
69.22,4.41,3.21,6.78,85.4,69.9,44.55
66.56,1.52,4.75,2.86,50.1,67.1,33.79
64.06,4.66,3.71,17.16,65.9,67.6,49.71
53.69,2.0,6.49,6.18,63.3,78.2,41.5
60.79,2.37,8.74,13.18,89.2,51.9,47.39
39.61,1.3,3.16,11.33,79.4,88.7,43.67
63.52,2.75,2.16,9.44,34.1,78.7,44.47
50.17,4.96,5.28,9.92,36.2,63.6,40.91
48.45,4.27,5.53,14.64,71.6,100.0,55.4
67.7,4.97,5.89,1.76,58.7,100.0,49.34
85.88,4.28,4.7,13.36,50.9,88.7,60.24
78.77,1.84,5.14,17.92,80.3,9.6,43.88
41.44,3.0,6.16,1.16,63.7,100.0,38.8
50.16,2.33,7.37,2.81,61.0,85.9,36.67
79.11,5.5,1.98,14.33,75.6,100.0,61.49
50.26,1.7,4.84,8.75,52.5,94.7,45.29
61.63,4.84,5.88,8.07,91.4,100.0,58.94
73.25,4.84,3.85,2.74,44.2,87.6,47.89
50.47,6.24,8.62,10.14,73.1,97.0,64.26
66.58,2.89,4.36,2.53,88.7,100.0,43.02
44.99,4.57,5.43,9.53,32.5,74.3,44.41
55.98,6.92,6.5,15.27,53.1,38.6,49.6
69.8,2.57,4.44,5.17,82.8,63.9,46.35
41.11,1.2,2.18,9.62,83.1,77.8,19.91
71.61,0.68,4.73,19.84,56.6,71.5,46.37
64.71,4.57,7.35,13.73,45.3,45.1,55.25
73.29,0.68,4.89,16.83,79.1,37.4,34.98
68.36,2.94,3.98,8.3,83.7,55.2,43.85
85.46,4.16,7.17,15.36,36.7,86.2,56.22
66.88,3.78,4.9,0.81,35.9,100.0,38.52
58.56,4.14,4.58,2.46,64.5,88.3,46.67
66.83,3.83,5.77,4.06,72.6,91.1,47.81
73.15,5.42,6.89,8.04,54.0,68.4,42.45
65.73,2.07,9.79,16.91,73.6,35.2,44.51
65.61,2.48,6.99,6.93,45.8,60.9,44.22
54.47,2.34,7.59,13.09,17.7,64.8,42.98
55.06,4.75,4.59,14.19,51.5,60.1,56.85
43.96,4.85,3.65,11.72,61.3,71.1,54.14
91.24,4.18,5.61,7.14,54.5,78.8,50.88
46.34,5.28,5.69,11.54,36.8,87.1,62.16
54.61,1.73,3.56,6.85,23.7,64.4,29.14
54.22,6.0,5.18,1.68,49.7,31.9,31.96
78.42,5.78,6.22,19.86,78.0,60.3,62.79
60.58,4.6,6.15,2.54,85.1,70.9,33.85
83.72,6.17,6.41,1.45,83.8,94.5,65.79
54.9,1.02,6.02,17.57,43.7,58.6,48.63
69.18,2.71,4.59,6.04,36.9,80.3,34.05
52.47,2.4,4.57,13.01,69.9,75.8,42.56
97.18,4.58,3.34,6.58,72.7,70.9,53.28
47.19,1.92,8.71,7.83,68.0,88.6,38.57
69.65,4.64,5.52,5.24,19.7,56.8,31.39
74.51,5.56,5.1,6.86,42.7,58.5,46.46
71.21,4.54,3.83,8.21,59.4,69.8,45.18
62.22,3.93,10.78,14.41,69.7,57.2,54.15
63.05,2.02,3.57,10.23,75.3,80.2,43.24
65.66,2.23,4.73,18.87,62.9,55.7,54.71
62.79,5.37,6.25,0.84,66.6,74.5,43.67
79.46,4.67,6.58,10.06,61.7,68.0,54.85
98.16,3.44,7.22,11.68,73.7,74.3,63.15
56.64,2.87,8.75,18.4,66.3,60.8,55.94
44.45,0.46,6.41,0.98,61.3,63.2,22.04
63.68,1.89,3.6,11.47,54.6,71.9,40.2
103.7,6.37,5.04,17.07,61.6,74.0,73.57
52.94,1.58,6.05,4.84,69.7,69.9,29.21
89.59,3.78,9.22,17.53,65.3,100.0,75.24
90.17,5.01,2.98,0.38,67.6,50.2,49.75
56.7,1.62,7.66,14.65,86.9,68.7,44.36
73.53,3.78,5.82,18.66,65.3,38.5,53.68
89.43,4.91,7.01,13.14,47.0,77.4,63.64
59.31,3.52,5.32,8.78,77.7,47.7,39.29
61.95,7.8,3.98,0.9,32.7,64.4,47.13
56.27,1.0,6.85,18.4,38.4,62.6,43.48
49.78,5.09,6.68,9.41,66.7,75.6,42.88
55.26,3.24,7.25,0.58,70.3,58.9,38.59
46.64,4.66,5.48,13.8,35.1,58.1,39.59
65.51,4.16,4.42,9.64,52.3,98.7,54.73
53.45,2.4,2.69,2.49,47.9,75.7,26.59
68.51,3.84,6.97,4.29,50.3,58.8,40.97
41.66,0.71,6.26,1.29,78.9,65.0,34.38
69.96,4.4,3.76,11.49,74.1,100.0,57.45
77.5,3.95,4.53,12.44,59.6,65.3,45.04
35.09,4.46,4.66,10.11,49.1,56.2,34.37
70.61,5.09,2.83,16.34,33.0,56.3,46.75
83.42,4.05,4.03,17.22,88.4,59.0,59.78
46.86,3.72,3.46,12.31,71.8,58.1,44.03
90.09,2.18,4.76,0.26,45.9,44.4,28.83
71.29,2.43,4.17,13.9,74.4,47.5,38.33
54.42,5.28,2.57,8.36,58.6,53.4,43.05
64.16,5.65,9.14,11.31,54.3,81.8,58.15
73.37,3.14,7.75,12.98,68.7,62.4,62.68
66.14,3.57,4.1,7.0,45.2,65.9,40.17
73.08,2.14,5.99,18.34,53.1,95.4,64.01
51.19,5.26,6.25,2.68,62.4,95.9,41.18
67.54,4.5,7.64,13.43,50.0,64.4,45.51
43.79,6.41,4.03,0.09,73.4,57.4,33.91
63.33,2.18,7.47,18.49,97.4,52.7,58.82
51.44,2.93,4.51,2.25,44.9,83.9,42.85
53.97,3.85,3.1,1.9,26.7,65.9,26.84
83.54,4.47,6.8,6.66,20.0,62.3,44.26
81.37,3.18,7.82,7.47,57.0,53.7,40.69
74.14,2.19,10.16,4.29,46.7,54.6,31.85
48.62,4.82,3.34,11.7,64.2,76.4,50.73
60.25,4.58,6.76,8.86,62.7,43.7,46.21
83.2,2.13,4.76,0.68,27.9,89.9,36.61
67.13,5.53,6.91,6.39,23.7,59.3,38.79
99.79,5.26,2.85,16.21,65.9,67.0,70.56
70.9,3.7,3.23,13.79,62.7,43.3,42.33
67.88,3.62,4.1,14.5,51.5,69.8,51.15
60.36,4.33,5.64,13.96,26.9,63.4,39.73
67.0,2.21,4.35,6.22,69.4,69.0,37.62
62.71,3.55,6.69,1.99,85.4,99.4,48.32
75.62,0.27,7.35,5.45,65.6,73.6,39.53
79.35,4.81,6.58,16.64,43.1,54.1,57.15
53.21,1.16,8.41,19.61,60.9,55.8,49.23
45.03,5.76,6.25,9.88,32.7,81.9,43.18
37.46,3.0,3.31,0.19,81.2,96.0,35.06
72.62,3.18,7.95,2.8,61.6,75.6,44.77
48.45,2.56,4.41,6.44,24.6,83.8,35.18
32.71,3.07,7.14,11.57,54.0,82.2,43.96
70.83,5.63,8.33,1.5,69.3,98.4,48.24
102.39,0.1,6.32,18.87,53.3,31.0,40.94
64.91,5.42,2.81,7.3,54.5,83.3,36.47
77.58,4.01,3.85,18.25,35.5,89.7,60.38
66.23,1.69,7.88,15.61,71.3,43.2,50.01
63.52,1.89,5.2,15.11,47.0,52.3,45.37
78.79,6.01,5.64,12.13,16.9,53.0,53.42
60.65,2.08,6.87,12.54,52.6,55.4,31.2
69.01,1.77,6.75,12.76,79.6,60.4,41.07
69.83,5.21,6.0,12.57,52.3,74.9,55.9
54.98,4.01,5.12,11.07,94.8,87.3,52.81
79.88,2.09,4.94,19.73,68.6,91.6,56.22
62.38,3.82,7.04,14.65,66.8,53.2,52.5
53.66,1.96,6.5,15.54,57.4,53.1,42.61
73.05,5.15,5.04,17.45,58.6,96.3,63.3
51.52,5.09,7.45,4.31,54.7,82.9,43.59
65.42,4.3,5.27,1.68,54.0,71.7,45.29
64.86,4.04,3.97,9.66,70.6,79.5,45.8
81.29,6.14,4.13,10.28,41.3,69.4,47.64
72.12,3.5,3.74,16.58,38.5,80.5,46.95
64.62,1.73,5.01,8.88,37.5,63.3,34.03
77.27,4.17,7.72,11.42,100.9,75.4,64.58
85.85,6.63,4.05,10.54,70.6,39.8,55.29
73.37,1.98,5.84,0.76,66.1,56.2,33.0
65.16,2.96,4.32,12.3,38.8,56.5,34.7
45.32,4.12,5.03,16.56,72.5,62.5,53.55
49.02,3.42,2.78,3.15,57.7,51.5,26.98
60.42,2.03,5.1,11.89,64.3,59.3,40.21
55.86,5.18,5.15,11.87,40.5,39.7,51.41
62.2,6.98,6.47,3.28,63.2,81.0,55.52
65.85,3.79,5.9,2.47,51.5,68.3,31.55
72.95,2.14,3.34,19.6,44.7,35.9,34.25
63.94,1.18,7.45,7.87,74.7,53.3,37.9
72.3,3.89,5.88,4.55,29.2,76.7,36.19
65.97,5.16,5.86,3.43,71.3,59.1,48.45
35.37,4.21,5.48,13.35,73.7,56.1,45.31
50.91,3.5,4.57,12.19,42.4,68.5,42.95
62.84,2.62,5.89,12.87,43.6,76.9,41.83
46.85,1.86,6.36,1.76,55.5,41.3,35.19
74.0,4.75,2.36,17.87,65.6,81.0,71.49
87.96,4.87,4.53,7.79,56.9,54.0,48.23
83.28,1.18,5.04,6.27,68.7,69.6,41.91
61.8,5.88,5.96,9.25,95.3,69.3,56.3
87.36,4.36,7.65,7.8,49.8,59.5,50.51
67.23,5.6,4.11,17.27,25.7,49.5,47.01
59.94,1.49,4.6,18.59,76.5,64.3,40.97
55.8,1.45,4.58,6.07,93.7,100.0,35.57
60.46,3.28,4.06,17.28,67.9,42.8,47.97
59.18,4.25,4.88,15.63,38.2,100.0,51.14
67.56,6.19,6.89,18.62,57.5,64.8,50.15
67.41,4.56,3.6,4.92,37.6,70.7,42.95
65.05,3.14,6.27,11.54,72.9,48.3,45.09
71.55,1.96,2.44,5.49,33.0,54.6,36.81
82.86,5.35,4.49,16.48,54.0,59.9,60.01
79.24,2.05,4.91,0.11,39.9,49.1,22.72
42.73,5.94,8.51,11.3,62.5,65.8,42.43
26.69,3.07,5.01,6.78,52.7,61.9,29.13
79.01,5.89,1.54,6.45,63.5,100.0,50.1
44.5,4.52,1.9,12.9,60.4,46.7,44.75
61.63,3.29,5.56,17.03,40.3,72.1,49.4
47.45,2.72,6.6,12.18,72.5,75.0,51.27
37.97,2.99,6.18,17.06,59.0,48.6,36.78
73.12,4.14,5.8,5.29,40.2,83.7,50.76
76.39,3.62,7.59,10.39,104.8,62.0,58.65
56.35,2.61,4.53,9.01,69.5,20.2,22.94
26.13,3.25,7.11,0.23,56.9,83.2,40.06
56.81,3.62,2.56,11.14,88.3,47.7,42.17
70.88,0.31,3.87,13.23,96.8,49.0,41.17
42.82,4.19,2.25,11.84,57.1,83.8,39.12
67.75,2.03,5.01,14.73,66.9,63.1,51.89
64.77,1.77,5.42,11.43,40.2,88.4,36.82
73.69,0.97,5.71,1.34,57.1,94.2,40.28
66.79,0.81,5.61,2.33,56.0,57.1,33.33
50.4,1.47,3.83,11.93,63.7,85.9,34.68
82.95,2.44,5.16,5.5,66.7,54.9,50.78
62.62,6.43,2.8,1.59,71.2,100.0,50.3
64.59,2.71,7.95,8.59,64.8,56.1,46.92
51.0,3.77,4.95,11.09,35.8,90.5,37.42
58.35,4.1,4.62,6.57,41.2,86.9,53.58
51.73,3.7,8.36,14.41,49.1,76.3,45.14
62.41,3.38,3.26,12.88,54.4,56.6,47.59
90.68,1.71,3.47,6.66,81.0,67.0,37.93
44.42,5.68,3.53,15.1,36.7,26.9,38.99
40.8,6.21,5.38,12.97,52.9,74.5,56.09
87.07,0.98,6.28,12.75,79.1,77.0,55.07
61.86,1.96,6.83,11.07,54.0,72.7,36.77
54.96,3.08,10.13,0.23,69.2,10.5,36.97
80.6,2.05,1.45,13.93,57.2,44.7,45.03
55.92,4.26,6.6,7.52,65.1,55.0,39.14
92.39,2.41,4.5,18.85,55.4,75.8,64.42
75.17,6.75,4.44,16.36,73.3,75.8,57.38
57.68,5.29,4.38,11.75,29.1,66.6,43.41
97.36,3.82,3.86,5.04,52.7,82.7,51.97
55.91,5.04,8.53,4.07,65.9,49.5,40.37
76.13,5.16,7.02,6.81,70.7,82.2,56.63
69.49,2.65,5.54,9.53,89.9,79.5,49.69
84.53,2.28,7.93,5.92,52.2,77.6,45.5
88.42,3.62,2.78,10.3,89.6,66.4,55.42
65.48,4.79,3.1,3.31,46.8,100.0,43.15
53.7,3.71,1.58,19.55,86.6,79.9,53.59
71.9,1.13,4.24,2.16,76.3,50.6,36.32
54.83,2.3,5.79,18.64,41.7,75.0,51.38
95.2,3.39,5.69,18.27,66.1,85.0,67.41
67.05,3.39,5.77,10.51,59.0,58.2,39.29
59.52,6.46,2.96,14.5,72.5,91.8,61.92
67.77,1.42,6.95,8.72,55.5,77.6,37.27
44.79,4.26,5.93,12.6,53.9,23.2,33.27
50.43,5.73,6.82,6.81,87.4,76.0,51.87
83.01,6.91,2.09,6.02,58.0,61.9,46.75
55.15,2.89,6.06,11.56,76.5,80.7,51.53
49.3,4.24,3.36,9.96,55.5,88.9,49.04
73.05,4.35,4.78,11.59,93.3,73.9,45.32
82.79,3.79,6.46,5.73,46.4,100.0,47.27
75.78,3.35,5.66,7.34,47.7,66.4,36.7
79.94,4.15,3.97,1.68,90.5,82.5,44.63
53.65,0.1,5.51,1.05,51.1,86.1,29.33
43.67,4.52,2.74,5.07,92.0,68.1,39.02
87.52,3.69,7.57,1.48,77.8,85.6,47.82
60.16,3.17,5.13,2.08,56.9,58.1,40.86
61.24,6.57,7.51,16.26,23.7,61.5,46.09
84.92,2.49,4.55,0.78,59.6,43.8,40.34
73.34,2.9,4.56,13.18,62.0,74.8,45.97
71.84,6.49,4.12,5.45,83.3,76.5,53.64
97.48,2.25,7.08,17.43,91.8,93.6,62.81
55.35,2.67,4.22,9.7,46.3,85.8,48.53
78.92,3.28,6.66,6.11,76.0,64.3,40.97
65.86,4.76,4.81,10.35,75.3,46.4,47.53
69.03,3.81,1.94,7.64,81.5,78.7,47.51
87.93,1.56,4.47,11.29,70.0,92.2,41.75
72.62,2.7,3.38,2.29,21.2,85.1,29.58
73.07,2.59,5.56,19.94,56.9,91.7,56.27
81.09,3.38,3.36,8.51,36.9,65.8,38.02
59.53,4.14,7.17,6.96,55.9,60.7,40.21
52.41,4.13,5.34,14.2,79.6,55.3,47.01
49.33,0.84,5.18,7.28,66.1,68.9,35.84
35.5,5.1,6.68,16.67,83.0,68.4,53.25
95.84,3.88,7.24,9.09,66.8,74.1,62.54
48.45,5.58,5.46,14.39,34.0,67.4,44.99
61.68,4.17,4.11,2.15,9.6,67.3,26.9
60.85,5.15,2.31,16.92,63.0,54.5,60.12
69.61,4.2,4.27,14.71,55.7,88.8,50.98
77.24,5.52,4.39,4.23,40.5,71.5,40.0
77.91,4.28,5.69,2.91,26.0,66.5,32.46
56.25,3.35,4.88,6.33,45.3,55.1,41.44
62.49,6.91,6.74,19.52,56.1,43.4,59.69
69.24,4.83,4.4,5.14,73.3,96.2,49.22
61.27,4.36,5.4,9.12,63.8,81.1,48.17
89.11,1.59,7.63,0.6,92.2,37.5,43.43
72.36,1.57,6.12,7.94,39.3,85.3,40.04
76.02,3.94,5.39,11.43,77.6,88.4,67.18
74.94,3.72,4.42,19.06,60.9,72.5,56.86
82.6,2.58,4.36,10.33,73.9,100.0,57.4
67.72,3.71,3.97,16.38,51.3,74.3,54.95
45.55,5.88,4.53,10.94,81.4,41.7,46.86
71.0,4.54,6.86,0.82,65.9,77.3,42.57
55.23,1.79,5.1,6.3,46.4,74.9,36.16
57.07,3.33,3.07,11.51,59.8,57.9,43.08
73.8,2.29,8.68,19.01,55.2,81.5,54.64
83.57,2.92,6.08,17.18,69.8,36.6,52.49
65.32,2.88,2.97,4.57,36.4,89.8,43.1
69.63,2.78,4.7,4.4,59.4,52.4,46.53
90.53,1.62,5.7,4.02,67.9,50.3,43.36
68.61,3.31,8.57,18.45,60.7,67.7,66.55
104.03,2.66,3.51,17.05,86.9,78.7,58.02
73.48,0.1,7.26,15.5,75.5,73.3,50.28
38.59,6.58,8.02,7.85,59.9,55.1,55.96
76.3,5.13,4.37,10.09,64.3,59.9,46.58
70.72,2.94,5.0,9.29,65.9,47.3,39.09
84.35,3.53,3.63,5.07,68.1,65.5,52.69
75.1,1.74,5.13,10.1,23.5,91.5,37.32
62.92,6.04,5.43,0.61,54.0,69.9,37.37
46.64,6.35,6.69,2.64,30.3,87.2,53.09
61.86,3.74,7.46,17.73,85.6,99.1,68.3
52.24,5.04,4.15,15.03,58.8,58.2,51.3
56.29,3.76,1.96,8.46,56.1,66.3,38.25
73.83,1.49,5.46,10.34,77.9,100.0,46.31
90.05,2.88,6.03,7.4,68.4,98.9,54.94
70.92,3.7,5.95,14.82,37.4,36.6,53.39
47.06,2.82,4.91,15.68,58.6,77.7,47.16
71.67,3.17,5.72,15.27,53.3,70.0,61.66
82.95,3.36,8.23,14.45,25.1,86.5,51.49
55.85,3.38,6.19,4.09,46.2,55.1,35.62
62.99,3.58,4.83,6.76,56.3,53.2,37.37
65.22,1.91,4.6,9.4,57.7,56.5,31.99
53.23,2.42,5.19,6.62,30.4,58.6,31.61
74.72,1.57,8.45,15.1,83.0,86.3,57.34
63.19,4.97,5.17,6.59,58.0,46.4,45.45
71.29,0.34,5.46,2.76,60.8,57.5,40.42
51.69,5.23,4.63,7.98,68.0,34.2,43.5
58.44,5.58,7.48,19.6,44.2,90.1,69.14
75.84,3.05,9.03,4.52,69.1,95.4,51.41
59.41,0.1,6.31,12.24,52.7,63.5,44.35
90.9,2.96,5.65,8.66,42.1,64.0,58.79
59.01,3.4,5.57,1.42,71.5,79.1,42.03
68.37,1.98,1.21,9.76,89.8,99.5,39.27
78.99,2.73,6.84,14.04,74.5,78.2,52.02
43.72,5.8,5.74,10.26,78.5,56.0,50.59
38.59,4.5,6.27,17.44,49.6,37.6,48.18
42.12,2.11,4.22,5.78,28.0,47.7,29.2
83.94,1.1,4.81,1.72,89.8,71.5,40.39
56.72,3.01,4.76,18.73,101.1,56.9,52.03
103.37,3.18,7.34,7.56,90.9,73.9,55.1
56.54,4.24,4.82,11.53,53.3,58.9,46.78
67.77,2.7,9.25,15.84,36.9,48.8,57.75
88.13,4.27,6.28,6.49,38.7,46.5,50.92
95.09,6.4,3.2,14.32,26.3,100.0,66.9
95.92,4.72,5.27,2.71,57.9,87.8,57.9
83.13,3.43,4.33,5.83,92.1,100.0,50.64
80.36,3.23,1.55,2.89,57.2,80.8,36.32
73.89,2.96,8.38,16.22,66.0,61.4,51.0
76.68,5.27,6.77,4.45,87.5,96.5,56.55
56.73,2.56,6.46,14.35,51.9,69.3,43.58
52.73,3.57,5.8,18.87,100.7,74.4,62.91
64.95,3.58,3.01,10.56,99.8,69.1,45.24
62.45,2.75,4.63,10.8,57.4,11.1,29.8
58.2,1.44,7.02,9.22,48.4,100.0,52.64
75.45,3.98,3.61,6.52,73.9,79.8,44.99
79.33,3.41,0.94,9.51,53.0,76.6,44.12
66.33,4.25,5.09,12.06,36.9,68.8,49.67
87.16,2.7,5.24,19.72,85.6,73.3,54.58
47.87,5.33,5.74,18.76,84.3,58.1,63.21
62.1,2.18,6.81,17.24,63.1,82.3,54.92
54.25,6.07,6.65,17.78,34.7,43.9,61.31
37.0,0.88,5.97,9.36,35.4,73.7,27.75
63.76,4.15,7.65,13.15,62.1,81.2,55.53
63.17,4.21,2.77,17.9,50.0,66.0,50.22
87.7,2.31,6.41,7.86,53.2,77.4,48.64
74.46,4.14,6.63,19.24,80.4,50.2,51.47
49.64,5.42,3.27,8.32,74.7,50.7,43.72
92.81,0.17,2.79,12.02,87.6,74.7,37.57
83.32,4.25,4.16,14.2,40.2,83.6,56.48
73.73,0.1,4.31,19.01,53.1,32.5,27.46
61.6,2.05,6.86,4.89,75.2,80.4,31.83
50.61,5.94,4.39,14.92,69.0,59.1,57.0
59.42,2.63,3.96,10.42,90.6,66.1,40.54
81.33,1.74,4.4,5.37,68.4,43.2,30.83
93.27,3.2,7.51,15.53,97.0,53.0,66.76
88.15,6.6,5.52,11.04,70.8,89.3,67.31
57.67,0.75,5.18,13.22,81.2,70.7,45.39
48.21,1.92,5.3,6.46,53.5,62.3,32.0
67.11,5.75,7.83,9.63,60.3,67.7,68.74
38.47,6.29,4.15,12.35,78.2,79.8,50.28
69.85,3.34,7.87,8.1,92.3,78.8,61.0
62.79,1.64,5.88,3.97,74.6,68.5,35.94
58.01,6.64,5.21,19.23,58.3,91.9,56.84
41.08,5.89,10.0,10.23,87.5,89.4,62.44
72.7,4.52,3.6,14.68,16.2,78.3,51.12
57.01,2.28,4.86,8.22,31.6,71.1,30.45
47.45,3.43,3.28,7.1,73.6,83.1,35.88
21.92,3.26,7.21,8.14,60.3,76.3,39.35
64.59,4.0,8.54,8.18,72.1,91.2,55.58
91.58,5.68,8.51,10.88,61.3,88.0,53.72
89.92,4.82,7.7,10.87,71.4,49.6,62.62
58.14,1.88,5.14,9.94,43.7,48.3,31.95
55.97,5.56,4.84,2.7,71.4,56.0,35.42
72.03,3.97,2.49,9.92,79.9,89.5,54.9
50.02,4.53,9.16,3.38,84.4,38.5,42.23
69.53,5.7,6.34,2.52,100.3,77.9,59.17
76.49,1.83,4.61,18.65,64.9,77.3,54.06
83.4,3.45,7.89,12.1,65.5,93.3,58.85
63.5,2.7,3.75,13.19,29.5,73.6,40.82
61.94,1.15,6.23,8.04,49.4,43.1,34.77
51.83,4.02,5.19,18.18,56.1,50.8,46.65
52.6,7.27,6.65,12.76,81.0,46.4,53.03
61.6,0.74,5.39,15.38,47.8,59.2,41.96
70.51,3.45,2.89,7.37,75.9,66.3,41.89
78.7,4.46,5.64,19.2,60.0,46.7,57.08
52.95,3.68,7.39,16.41,56.5,99.4,61.73
87.39,3.33,5.45,17.08,65.0,43.5,52.98
60.93,1.55,6.9,3.44,52.2,96.9,38.45
64.68,3.85,3.62,5.42,51.4,93.7,40.32
53.79,2.36,5.45,5.71,25.9,88.0,37.92
28.64,0.22,4.38,5.42,55.0,56.1,23.56
78.26,5.29,6.84,17.11,50.4,76.8,66.94
76.05,4.94,5.56,0.64,49.7,44.5,36.66
60.78,3.58,6.74,1.52,68.3,88.2,40.53
66.0,3.84,7.46,5.48,73.2,68.5,50.6
72.74,5.11,6.74,4.0,64.6,61.8,49.13
41.56,3.84,5.99,4.64,79.9,45.5,32.21
57.06,4.86,3.7,15.96,71.5,20.4,51.95
76.91,3.05,5.49,11.26,54.1,49.2,36.26
46.19,5.47,4.54,0.12,50.7,92.3,44.62
69.4,3.98,4.88,8.59,66.3,61.9,39.49
44.65,3.79,4.83,8.16,71.5,66.6,50.64
72.0,1.59,3.74,2.28,88.0,83.1,29.8
64.47,3.93,1.98,13.52,83.8,100.0,58.79
40.77,2.25,4.3,14.04,49.2,96.5,42.46
82.47,2.54,5.85,14.42,58.0,50.6,46.57
53.98,2.28,3.07,14.57,73.4,31.1,37.8
52.85,1.9,5.53,0.0,81.4,100.0,39.65
68.01,6.69,8.92,19.08,78.8,100.0,70.36
82.23,5.5,7.34,16.28,58.7,73.8,60.16
49.76,6.38,8.46,18.08,34.9,44.6,59.45
65.93,1.67,6.2,0.31,40.0,89.3,25.2
71.43,3.61,7.6,18.68,65.5,67.8,55.37
75.4,1.56,4.2,16.2,66.8,67.7,62.06
67.65,2.46,4.34,16.74,38.0,87.9,43.78
59.49,2.12,0.57,1.87,60.9,76.7,34.36
52.59,5.36,7.64,14.78,72.6,46.3,50.79
66.29,2.91,8.27,19.2,37.0,63.5,55.39
48.92,5.1,4.5,13.57,82.1,83.2,57.2
21.18,4.41,5.04,11.41,52.4,80.2,48.6
71.55,6.96,4.14,18.91,85.2,75.2,66.5
78.56,1.28,6.19,8.86,49.3,88.7,53.88
29.56,5.39,7.52,11.99,39.5,62.8,43.64
49.85,5.22,2.36,9.53,50.8,73.6,44.83
74.29,2.04,6.24,18.66,58.1,5.0,43.64
95.86,5.01,5.0,1.52,52.2,61.0,42.03
65.31,4.0,5.7,10.02,55.7,85.3,48.3
54.08,3.16,6.33,13.74,66.7,62.2,47.49
62.26,2.26,5.16,15.84,56.6,60.7,42.69
85.62,2.42,5.31,11.66,58.7,49.2,57.76
55.31,6.57,5.12,18.18,25.8,90.1,55.61
53.01,3.5,7.25,18.84,67.8,81.0,62.03
57.76,4.67,6.25,1.29,58.2,86.5,47.72
50.7,2.31,5.9,8.05,92.2,35.5,36.36
66.84,2.33,3.21,0.47,41.2,66.8,24.9
89.37,5.12,4.82,6.59,23.8,64.4,44.42
69.85,1.48,7.12,10.74,72.4,64.4,41.4
61.21,2.88,5.57,18.22,66.9,57.7,40.77
60.62,3.55,6.69,16.93,39.8,63.1,44.87
41.55,3.67,8.68,2.55,29.4,87.0,31.34
78.25,3.23,7.37,1.86,90.7,31.7,47.16
63.83,4.09,5.67,11.79,88.3,100.0,59.79
62.29,4.54,4.58,10.64,10.3,79.7,48.46
112.9,4.6,0.9,5.33,50.8,69.2,53.86
69.48,2.02,5.2,17.99,93.3,88.1,56.26
53.72,3.07,4.91,18.55,50.5,41.0,51.49
58.6,5.29,6.2,8.05,50.2,56.7,43.16
82.23,4.84,5.22,17.81,54.3,67.6,60.26
66.7,1.44,4.92,7.68,37.6,97.3,43.02
43.43,4.03,2.3,14.74,25.9,69.1,33.81
78.79,0.53,3.81,9.52,81.1,79.0,56.68
54.98,3.57,6.36,2.45,23.1,58.2,33.16
93.1,6.35,8.59,18.56,64.9,79.7,75.33
81.2,2.08,5.32,9.08,77.7,100.0,56.94
58.29,2.25,6.09,14.69,31.0,89.9,50.49
84.22,4.65,7.21,7.34,41.5,68.4,51.63
66.02,1.19,4.04,0.38,84.3,83.5,33.99
77.79,2.55,6.16,2.01,70.7,81.6,34.91
72.27,4.39,4.17,9.92,47.7,80.1,46.12
52.3,2.55,7.06,13.8,84.0,92.2,54.28
55.35,3.15,5.77,6.69,84.1,92.1,48.33
80.45,4.62,6.04,13.91,65.4,67.5,63.28
59.98,4.13,4.09,13.97,42.0,82.8,48.3
58.95,3.9,6.77,14.08,51.7,62.3,42.28
50.67,2.99,9.25,9.85,65.7,51.5,49.15
71.35,4.06,3.69,18.3,56.2,64.6,60.35
95.94,3.31,4.89,9.78,78.8,68.5,58.13
48.99,4.19,5.92,9.01,29.4,36.8,35.72
65.36,2.75,6.92,3.99,30.1,87.2,44.97
86.18,3.23,4.49,6.15,63.6,14.7,54.63
63.81,2.02,0.5,0.85,50.2,100.0,31.18
71.79,3.45,7.95,12.67,47.5,100.0,49.37
49.06,2.28,6.87,4.97,24.6,64.8,29.15
71.42,1.83,2.36,6.08,60.4,70.2,38.31
62.19,3.89,4.41,15.42,58.9,76.1,42.95
79.79,3.82,8.32,6.54,73.1,58.2,50.97
82.81,4.67,8.11,4.84,61.4,73.9,54.71
103.84,2.85,7.19,3.38,57.3,67.1,56.8
73.69,4.11,5.18,15.5,83.5,68.1,62.95
69.89,4.33,5.65,2.59,33.8,73.6,45.31
67.92,4.17,5.26,9.08,70.7,43.7,33.85
59.7,2.26,7.53,10.14,26.6,70.8,45.17
70.08,3.72,3.92,13.75,43.2,73.3,51.61
60.57,4.05,4.05,12.67,35.7,72.6,46.65
67.53,3.51,7.32,16.21,75.6,65.7,46.63
84.76,0.37,5.42,0.9,58.7,92.8,32.29
49.9,3.74,7.98,5.93,59.7,62.9,36.2
82.1,6.82,4.29,5.6,37.9,74.5,42.85
84.76,2.96,5.4,2.92,54.0,95.9,45.73
63.23,2.41,3.84,5.78,44.7,68.4,30.84
33.17,4.06,5.51,6.2,67.7,74.3,53.16
55.88,3.97,2.84,10.44,40.2,68.1,39.68
84.45,5.29,4.62,13.27,86.6,94.7,70.59
64.66,1.61,2.91,7.62,26.5,64.8,23.08
50.01,4.6,6.75,14.39,43.9,95.7,51.43
57.43,4.39,6.79,6.72,93.5,67.9,49.28
77.61,3.29,2.39,5.81,51.3,52.8,32.69
73.2,4.01,7.9,10.82,33.7,83.6,50.26
61.42,5.04,10.0,0.47,64.4,63.9,45.17
59.5,4.81,5.58,1.6,50.5,82.4,41.1
59.12,1.79,4.35,8.36,43.3,15.4,36.24
51.16,4.73,10.58,18.86,38.1,70.1,60.79
89.23,3.4,3.13,14.43,115.4,60.8,59.1
60.17,3.61,5.54,1.76,55.0,48.7,37.0
83.26,3.61,5.82,16.93,21.5,58.9,54.7
87.82,3.27,7.92,14.65,89.9,58.5,58.6
79.97,5.29,6.15,12.22,72.2,69.0,57.01
58.53,3.37,4.6,16.41,44.7,42.7,44.22
71.06,1.82,3.79,8.08,41.3,76.3,43.38
64.64,2.91,4.88,4.43,73.5,97.3,49.5
51.44,3.77,3.69,10.24,55.1,75.6,41.35
69.87,5.34,5.59,10.98,21.5,86.2,56.0
47.31,4.4,4.48,10.77,95.7,91.9,50.69
82.82,2.22,2.81,11.3,51.3,94.7,47.21
58.03,7.23,7.76,18.97,89.9,100.0,71.7
68.02,3.9,4.6,18.04,85.6,60.0,54.18
69.25,5.41,3.22,17.51,40.0,55.6,59.25
61.12,3.27,5.2,16.03,80.7,85.7,54.48
73.8,4.3,5.62,18.87,47.0,84.2,59.98
57.88,4.76,2.36,1.97,22.7,85.5,28.72
78.07,5.33,6.1,5.3,51.5,100.0,53.02
44.81,5.09,3.62,9.9,68.0,70.2,44.22
66.9,4.81,8.58,16.93,50.7,78.5,56.49
94.08,3.03,6.44,10.1,53.9,50.4,49.34
50.0,2.64,4.78,14.96,82.9,100.0,48.77
54.83,4.0,4.16,2.78,62.1,63.3,36.99
72.71,4.9,5.31,5.05,43.1,63.8,45.22
67.69,3.17,6.6,14.64,74.0,63.1,46.68
70.26,5.1,5.45,3.29,64.0,57.1,42.33
72.34,5.68,5.11,7.03,9.6,55.4,44.17
74.52,2.13,5.61,5.3,68.6,59.5,45.09
81.65,2.24,4.41,7.0,67.8,42.7,39.99
71.15,3.29,4.88,14.17,60.4,54.3,44.11
61.38,3.96,1.75,7.36,77.8,100.0,48.06
75.09,2.71,7.25,11.11,46.6,84.7,58.38
93.5,5.53,6.04,2.0,66.7,88.5,60.39
63.01,4.14,4.11,16.1,28.7,93.5,54.47
50.38,3.56,8.92,7.4,68.1,100.0,54.05
81.61,1.35,5.66,12.97,99.1,34.6,51.98
63.19,1.53,3.63,14.51,40.1,45.4,41.25
32.41,3.92,7.04,4.19,44.8,53.9,37.04
77.71,0.3,6.22,17.69,45.8,60.6,49.56
56.97,5.02,6.21,12.32,62.6,64.0,45.85
63.64,3.26,4.73,8.57,38.7,61.1,31.85
69.98,8.36,6.31,3.65,68.4,74.4,59.23
67.86,6.96,5.03,18.85,76.9,70.7,66.56
75.64,3.23,6.5,15.1,70.7,55.5,49.53
58.47,3.34,2.07,4.16,24.6,26.5,28.91
72.7,4.99,4.72,6.75,79.9,50.1,38.02
61.11,6.05,8.6,16.19,78.7,59.0,59.73
76.08,1.04,4.12,13.91,76.6,65.1,41.46
74.23,0.82,4.41,15.32,67.5,47.4,32.66
50.97,2.57,4.69,8.82,64.4,60.2,44.89
81.29,4.37,3.31,14.33,80.6,47.4,45.48
56.96,4.25,1.53,7.73,98.5,67.5,40.35
77.12,5.1,5.08,4.23,40.9,48.5,47.25
70.51,1.7,5.74,12.65,81.6,53.0,47.34
92.57,0.1,5.41,19.52,58.3,43.8,41.19
61.65,4.79,5.24,6.21,57.4,66.9,48.16
59.76,2.26,5.58,9.22,29.3,52.7,36.39
64.71,0.47,7.34,13.48,54.3,88.1,56.04
60.45,3.72,5.16,10.83,40.1,78.1,47.32
77.0,4.69,4.47,16.87,50.7,68.6,55.36
40.76,3.32,4.99,15.23,38.0,54.1,36.2
49.19,2.81,6.54,1.17,51.0,77.6,30.72
48.98,3.26,8.04,19.97,51.9,83.8,51.35
79.25,2.94,4.37,15.05,61.9,72.9,58.22
90.66,1.48,5.68,17.28,27.7,100.0,54.13
63.43,2.43,6.11,13.02,31.1,79.2,47.25
62.47,4.28,3.71,17.13,67.2,88.3,63.15
66.05,3.98,5.54,2.25,44.1,72.7,27.77
82.43,3.75,2.86,6.95,81.5,83.5,55.41
51.09,2.01,2.32,17.53,64.5,54.1,40.11
68.58,3.23,6.16,4.03,72.1,60.8,43.41
79.63,0.23,4.81,1.56,88.2,77.0,30.82
72.52,3.77,5.86,15.76,53.8,76.8,50.72
67.84,5.64,5.47,16.71,48.5,80.2,61.88
80.02,1.29,3.74,3.25,77.4,92.0,51.56
24.45,2.62,5.42,17.09,70.2,41.5,44.56
75.17,3.99,3.28,13.74,56.3,50.5,53.47
55.19,5.38,8.0,10.4,87.8,74.6,55.58
37.54,2.83,3.06,16.61,55.8,55.5,36.41
72.67,2.46,5.15,8.38,60.7,100.0,43.36
85.6,0.55,3.62,3.88,60.4,80.3,33.31
62.94,3.66,6.53,5.7,41.3,68.4,31.05
79.29,6.56,4.9,10.1,61.6,59.7,52.78
89.18,3.92,4.57,10.63,87.9,60.4,50.93
84.72,3.47,7.04,16.11,68.9,70.6,57.9
89.6,3.98,5.55,15.83,60.6,72.2,59.61
76.13,3.48,6.43,11.63,56.8,60.9,51.14
66.13,2.28,3.73,15.62,66.6,64.5,45.31
40.97,4.73,2.97,3.84,75.0,96.9,39.3
61.31,3.84,5.69,1.0,72.2,97.7,33.97
52.35,3.53,4.93,17.47,53.4,75.0,46.86
97.56,2.04,6.63,1.51,66.5,43.2,35.01
62.36,5.46,5.36,4.93,69.6,80.8,51.52
66.85,4.5,5.87,13.91,39.9,100.0,60.4
73.27,2.67,2.58,8.19,63.4,97.4,49.34
65.65,5.0,8.9,17.53,16.8,84.7,63.19
90.43,2.75,5.2,5.96,69.7,98.4,50.35
55.66,2.33,6.76,0.24,73.2,71.1,32.22
67.92,2.36,4.0,6.01,75.0,82.6,37.48
53.86,0.84,6.05,11.56,52.1,56.4,27.54
45.2,4.21,3.15,7.52,66.2,75.8,45.79
55.82,0.75,6.31,10.7,88.5,96.6,43.51
64.44,1.66,4.86,17.53,88.3,58.2,41.22
58.56,0.39,5.55,18.25,59.4,52.8,36.09
54.61,3.37,6.76,5.32,62.8,71.9,37.1
43.91,3.27,3.28,9.24,82.2,65.5,39.78
63.75,3.01,4.27,10.98,30.0,83.0,47.98
42.43,1.94,6.32,18.98,53.5,60.9,42.43
76.4,1.74,9.28,19.97,86.7,100.0,52.69
66.24,4.2,5.25,4.71,79.5,44.2,40.45
43.14,2.67,6.56,14.54,67.4,95.1,48.52
60.36,3.97,5.31,7.56,29.9,54.7,37.64
53.72,2.17,9.0,0.16,59.0,34.1,26.52
69.79,3.77,2.36,0.19,48.2,74.8,35.88
85.11,5.45,5.67,9.21,66.6,64.9,56.24
36.87,4.38,2.57,9.77,43.8,47.8,34.75
66.73,2.88,0.99,0.45,39.5,36.4,25.49
62.6,3.89,6.04,13.74,18.7,69.8,44.39
75.07,3.14,5.75,5.88,84.4,89.5,46.69
68.2,3.51,4.99,11.2,52.0,81.7,55.06
53.72,3.01,5.31,6.02,63.1,71.1,41.79
60.21,3.25,11.08,3.34,60.0,79.6,50.57
53.06,3.82,5.04,8.14,38.7,69.5,46.3
81.14,2.01,6.42,4.65,34.8,41.4,37.31
65.32,1.98,4.33,10.7,39.9,41.6,39.11
93.52,1.42,6.03,3.98,45.5,65.9,31.84
64.09,1.1,5.07,10.17,67.3,66.8,39.54
54.37,1.67,4.76,3.15,44.1,87.0,31.42
42.29,3.74,8.77,13.42,94.9,85.1,63.65
37.95,2.16,7.62,15.08,80.5,82.1,52.68
41.24,4.27,5.75,2.21,76.2,64.4,34.82
69.01,3.55,1.35,9.36,57.6,42.4,38.96
72.63,0.55,4.85,1.42,90.3,78.2,35.43
41.28,4.48,10.37,11.96,55.6,80.5,55.57
78.43,4.72,5.08,5.29,59.4,22.2,35.61
57.75,2.01,7.49,10.55,63.4,53.3,42.6
67.2,4.13,8.1,10.35,74.0,56.2,50.0
89.18,2.22,5.89,18.49,72.7,72.4,58.99
78.45,3.65,3.98,10.98,50.5,53.9,41.55
60.97,1.6,1.12,11.66,49.3,69.2,31.63
51.63,0.81,6.73,8.03,72.8,65.8,41.55
32.72,2.93,4.03,18.98,74.3,66.8,40.58
54.21,3.31,5.82,15.54,52.1,55.7,40.86
61.83,2.9,3.25,5.71,28.3,57.2,31.67
50.19,1.72,5.02,16.88,55.9,48.4,35.91
63.03,2.9,5.56,8.65,72.5,77.6,40.63
66.15,3.9,5.98,16.57,96.1,81.4,59.83
61.63,3.43,3.49,16.46,36.0,54.6,36.3
55.25,3.77,7.65,3.78,51.5,100.0,40.49
67.53,2.49,4.43,14.02,52.2,63.7,54.43
71.63,5.26,2.49,5.81,87.1,100.0,54.86
48.64,1.74,5.3,5.95,59.3,57.2,27.96
86.16,4.23,5.56,5.93,41.9,29.5,43.72
63.52,5.27,5.79,14.51,71.2,78.0,60.6
65.28,4.22,7.95,4.6,51.9,75.0,51.24
75.62,3.2,5.07,0.02,35.5,70.7,34.98
68.5,2.71,5.28,14.3,42.1,57.2,49.18
79.3,5.05,3.51,3.42,94.7,69.3,38.76
69.31,1.37,6.98,2.09,67.7,59.8,29.15
55.81,2.04,5.83,4.75,62.2,64.0,35.62
70.42,2.9,4.74,7.6,55.0,86.8,46.01
47.84,5.36,2.07,9.52,65.8,73.7,40.32
66.63,4.07,8.1,0.89,65.6,82.2,46.69
64.5,2.05,3.29,19.41,65.8,65.4,44.15
61.88,3.03,4.44,14.32,62.3,63.2,44.41
63.07,2.58,6.15,6.46,77.4,46.9,43.85
36.77,2.44,3.35,6.37,60.5,62.6,35.33
56.77,4.97,2.81,8.97,40.4,5.0,27.93
66.39,1.44,1.68,12.52,47.8,58.2,29.55
67.4,5.91,6.8,2.93,20.4,68.4,42.71
49.58,4.74,4.52,3.78,100.5,81.3,45.59
83.99,5.14,10.77,17.19,77.3,64.6,65.7
52.01,2.81,3.71,5.13,43.4,77.0,39.43
79.54,3.28,3.84,7.6,54.4,26.4,39.1
71.41,1.35,4.48,17.43,47.3,68.9,47.01
55.31,2.71,5.94,13.26,90.9,36.4,36.9
91.63,4.24,4.65,6.83,31.6,45.8,50.05
47.1,5.44,6.6,13.67,62.3,66.3,38.61
78.79,1.84,3.74,0.39,57.8,95.5,41.15
80.01,2.95,3.01,14.71,76.5,77.4,56.45
54.94,3.27,2.26,9.74,57.9,70.4,36.9
85.89,1.41,1.5,16.26,24.8,69.6,48.19
61.25,4.39,4.57,19.09,55.0,55.7,52.02
69.33,2.41,4.96,18.52,40.6,59.1,47.45
68.9,3.21,4.36,18.19,61.6,78.5,55.12
62.99,2.82,7.74,10.24,88.7,42.3,61.12
77.16,2.32,7.71,7.2,25.2,81.9,50.33
76.9,3.49,4.9,9.3,44.0,62.2,48.02
38.77,3.18,2.27,13.8,48.9,86.5,36.59
84.57,2.94,4.48,17.68,52.4,89.2,57.37
40.06,2.41,4.42,4.14,74.8,36.5,23.96
80.49,3.98,4.32,18.36,56.5,58.4,59.08
81.9,5.98,4.24,16.3,68.3,52.9,60.43
48.64,3.71,4.32,19.58,47.5,33.7,38.38
58.84,4.99,4.8,17.61,64.6,49.3,53.03
48.41,1.41,4.36,5.6,75.6,100.0,33.04
61.78,3.74,5.87,2.12,45.4,82.2,40.55
60.38,1.85,6.15,2.24,75.6,100.0,35.7
76.69,1.28,3.86,5.82,61.0,86.6,38.98
84.65,2.39,7.79,12.28,80.9,55.2,55.63
85.94,5.29,3.74,16.09,56.0,62.4,57.77
56.57,4.93,2.59,17.99,67.6,81.8,52.87
61.86,3.86,6.19,12.48,59.2,78.8,51.77
39.75,1.2,4.03,0.11,58.1,58.5,25.36
52.91,3.21,6.08,3.73,65.2,39.8,28.25
79.47,3.95,1.17,1.99,70.7,100.0,45.11
89.23,3.76,8.01,7.27,35.0,67.2,56.7
46.48,0.73,6.71,10.03,88.7,63.5,40.42
56.11,2.16,2.8,0.87,22.8,72.3,25.68
64.6,3.4,2.84,6.97,46.3,65.1,40.83
69.2,4.3,8.51,3.58,58.1,72.5,49.62
52.86,0.21,4.17,12.94,68.2,95.7,43.25
71.36,3.26,4.0,9.29,91.5,67.5,36.89
57.89,3.71,1.42,9.91,22.8,46.7,25.28
64.78,4.77,4.87,8.55,49.8,66.8,51.27
73.19,4.54,5.09,19.12,17.5,60.7,45.47
65.1,4.37,6.79,4.29,60.6,98.5,51.42
58.45,2.3,2.98,10.33,65.4,93.4,40.67
63.36,0.64,2.76,14.72,91.8,72.2,36.58
63.67,2.91,6.31,11.14,62.4,44.4,44.13
59.45,5.0,7.31,18.58,80.9,45.5,58.71
61.12,5.59,2.67,7.56,71.7,70.3,57.67
88.98,4.57,7.45,9.27,51.3,76.7,53.53
73.41,4.14,5.57,1.77,31.8,62.5,45.73
60.57,4.07,7.47,12.18,65.5,60.4,52.01
75.45,2.67,5.37,5.76,30.2,58.1,33.8
59.99,3.3,0.96,3.21,85.9,69.5,39.37
82.6,6.0,5.23,10.89,56.8,22.3,53.37
70.54,2.09,7.41,10.65,83.9,48.0,45.12
63.39,5.92,3.89,1.52,50.4,57.5,41.88
71.72,3.02,4.8,13.96,65.4,94.2,49.94
41.44,5.49,5.18,12.48,64.2,53.7,43.29
48.1,1.39,0.5,3.78,59.1,73.6,29.08
47.09,4.38,8.51,9.39,51.3,74.5,46.98
67.14,2.39,3.88,14.41,67.8,96.0,49.46
90.99,1.38,6.41,10.59,41.5,95.3,50.75
98.47,3.83,5.34,7.91,35.8,68.8,51.82
74.57,5.01,7.76,6.45,84.9,60.5,46.1
72.51,2.23,6.23,12.21,74.5,56.7,52.62
37.98,1.25,5.08,18.78,61.3,65.2,41.75
56.86,3.36,3.89,13.43,93.3,61.3,46.14
53.18,3.37,6.94,1.49,54.6,81.1,40.64
55.69,4.32,2.13,9.21,86.5,78.4,46.96
62.48,4.92,6.66,17.82,63.5,81.8,64.17
57.92,3.41,3.52,1.89,39.5,95.2,39.07
35.31,6.28,7.75,19.78,97.0,100.0,72.31
76.22,3.84,5.79,18.98,79.8,72.5,67.06
48.91,2.98,6.66,1.57,57.6,92.0,42.62
68.59,1.08,5.65,18.67,74.5,63.0,47.11
96.11,3.11,2.35,7.26,51.9,93.7,43.23
51.21,3.0,3.95,16.89,76.6,91.2,59.33
27.05,4.94,6.71,8.37,12.2,90.2,40.85
60.71,4.19,5.8,8.82,39.6,71.9,42.4
81.51,1.73,7.63,12.68,79.6,56.6,40.7
94.38,3.76,6.23,15.49,55.0,42.1,56.65
46.56,4.51,3.76,0.68,64.2,69.2,36.07
72.45,5.79,4.07,11.86,33.1,100.0,48.71
58.02,4.83,5.69,3.73,97.0,63.8,48.22
63.41,4.64,1.33,6.92,83.8,85.7,43.59
104.67,3.59,8.51,6.96,56.0,86.9,72.66
42.46,4.08,6.3,9.38,51.9,64.3,39.44
68.81,5.37,7.71,6.68,80.6,96.3,55.96
72.02,1.5,2.65,2.15,99.6,11.8,21.93
81.29,2.98,7.74,2.91,79.1,45.5,49.08
66.47,2.34,9.52,0.67,103.4,51.7,39.01
69.62,4.07,3.12,9.4,41.6,53.6,37.41
59.13,5.35,6.89,19.09,43.6,76.7,63.11
69.04,2.6,5.5,2.31,36.2,75.8,28.88
59.85,0.1,2.72,18.93,68.8,77.9,44.66
74.32,2.88,6.39,14.67,63.5,81.9,62.53
59.46,4.87,7.0,12.75,57.0,51.0,52.96
70.66,4.31,4.42,12.91,76.2,45.6,52.13
64.56,4.14,7.6,16.53,84.6,77.9,64.26
81.89,3.08,2.5,2.14,29.5,57.4,41.53
64.23,1.58,2.81,10.1,48.1,38.6,37.11
38.4,4.27,5.75,13.94,76.4,89.4,54.06
83.93,2.25,5.55,11.74,50.6,97.9,55.99
51.41,6.78,4.21,16.66,44.0,100.0,56.1
55.19,4.36,6.96,1.45,80.4,73.7,47.16
56.07,2.63,6.46,13.81,34.2,82.5,40.47
85.62,2.58,7.04,10.68,54.0,97.4,52.17
32.96,3.36,5.28,7.58,66.6,57.2,20.78
112.07,3.14,6.58,6.81,48.5,92.2,59.66
80.84,5.18,4.7,12.42,75.7,75.5,55.01
68.35,3.78,9.2,17.82,48.6,88.3,66.21
64.18,2.4,4.04,9.92,88.2,73.7,46.06
69.28,6.34,9.29,16.49,57.5,95.9,75.1
72.82,3.57,5.56,8.04,73.4,74.5,42.86
74.68,4.65,3.02,2.05,74.9,40.3,43.71
73.33,2.59,7.96,1.23,47.4,99.0,53.8
66.34,4.04,5.73,1.03,18.9,51.0,37.01
62.04,3.97,7.03,7.6,67.2,95.1,54.93
62.73,0.67,7.7,6.74,61.4,68.2,37.49
62.08,6.52,6.11,14.36,71.1,93.5,61.16
82.01,5.44,4.43,14.86,55.5,92.7,65.54
73.9,2.9,7.26,1.02,51.4,78.6,33.11
20.89,1.85,5.5,4.42,100.2,80.2,32.18
74.84,4.02,6.73,5.49,30.6,78.5,36.64
67.92,3.63,1.62,10.95,74.7,29.7,35.15
64.72,4.03,6.3,2.89,48.5,72.4,44.55
59.17,3.79,4.35,2.68,53.3,47.7,36.24
81.86,4.26,8.48,18.88,53.7,73.4,63.82
79.21,5.67,6.62,16.08,43.9,47.1,58.36
53.41,4.35,5.93,3.61,71.4,46.3,29.21
71.11,1.93,6.38,8.13,87.8,100.0,47.41
50.43,5.54,3.7,7.11,69.4,91.4,45.29
44.31,5.96,8.42,15.82,62.1,69.9,55.13
55.6,8.23,9.08,10.2,40.3,73.7,64.39
77.94,1.81,6.21,2.56,70.3,65.0,33.99
79.3,3.86,8.36,14.78,103.1,81.4,61.06
72.7,0.38,4.48,7.94,52.4,56.5,22.02
75.88,4.33,4.07,5.26,52.5,89.9,45.69
72.74,2.68,5.57,7.51,48.8,64.9,35.77
55.38,6.39,6.28,9.96,50.2,61.6,51.81
71.48,2.34,4.79,6.86,5.1,70.4,30.09
77.01,0.97,6.47,4.84,68.1,58.2,37.16
76.31,2.79,6.05,7.97,43.1,76.6,43.81
82.83,0.54,3.7,0.38,27.8,59.3,33.91
75.62,4.63,6.43,15.45,75.1,79.4,63.17
70.27,0.4,7.05,3.42,38.4,94.3,26.1
81.05,3.54,5.81,0.88,53.2,55.6,32.78
64.6,0.38,7.57,13.07,89.3,67.4,44.66
51.77,3.02,3.31,15.48,31.8,79.2,38.2
62.55,5.97,6.34,16.28,29.3,61.3,40.36
53.83,4.04,3.39,9.87,65.4,79.3,51.46
